time,BTC.D
1396310400,99.38
1396396800,99.34
1396483200,99.4
1396569600,99.41
1396656000,99.46
1396742400,99.43
1396828800,99.42
1396915200,99.43
1397001600,99.43
1397088000,99.47
1397174400,99.4
1397260800,99.43
1397347200,99.44
1397433600,99.4
1397520000,99.38
1397606400,99.3
1397692800,99.27
1397779200,99.29
1397865600,99.21
1397952000,99.22
1398038400,99.27
1398124800,99.27
1398211200,99.28
1398297600,99.3
1398384000,99.28
1398470400,99.31
1398556800,99.24
1398643200,99.26
1398729600,99.21
1398816000,99.24
1398902400,99.2
1398988800,99.22
1399075200,99.28
1399161600,99.24
1399248000,99.27
1399334400,99.25
1399420800,99.23
1399507200,99.24
1399593600,99.19
1399680000,99.19
1399766400,99.17
1399852800,99.17
1399939200,99.17
1400025600,99.09
1400112000,98.92
1400198400,99.01
1400284800,99.06
1400371200,98.92
1400457600,98.9
1400544000,98.95
1400630400,98.91
1400716800,98.77
1400803200,98.68
1400889600,98.76
1400976000,98.71
1401062400,98.94
1401148800,98.95
1401235200,99.18
1401321600,99.02
1401408000,99.05
1401494400,99.09
1401580800,98.91
1401667200,98.89
1401753600,98.96
1401840000,99.02
1401926400,99.15
1402012800,99.05
1402099200,99.12
1402185600,99.17
1402272000,99.16
1402358400,99.03
1402444800,99.06
1402531200,99.01
1402617600,99.01
1402704000,99.01
1402790400,99.03
1402876800,99.03
1402963200,99.06
1403049600,99.05
1403136000,99.01
1403222400,99.05
1403308800,99.11
1403395200,98.95
1403481600,98.94
1403568000,98.99
1403654400,99.06
1403740800,98.98
1403827200,99.01
1403913600,99.06
1404000000,99.07
1404086400,99.16
1404172800,99.23
1404259200,99.32
1404345600,99.23
1404432000,99.19
1404518400,99.27
1404604800,99.27
1404691200,99.27
1404777600,99.19
1404864000,99.2
1404950400,99.21
1405036800,99.23
1405123200,99.24
1405209600,99.26
1405296000,99.25
1405382400,99.24
1405468800,99.26
1405555200,99.17
1405641600,99.21
1405728000,99.23
1405814400,99.21
1405900800,99.23
1405987200,99.27
1406073600,99.27
1406160000,99.29
1406246400,99.29
1406332800,99.29
1406419200,99.3
1406505600,99.33
1406592000,99.35
1406678400,99.36
1406764800,99.33
1406851200,99.21
1406937600,99.26
1407024000,99.25
1407110400,99.29
1407196800,99.3
1407283200,99.31
1407369600,99.32
1407456000,99.33
1407542400,99.34
1407628800,99.34
1407715200,99.4
1407801600,99.39
1407888000,99.39
1407974400,99.38
1408060800,99.43
1408147200,99.15
1408233600,99.18
1408320000,99.28
1408406400,99.13
1408492800,98.98
1408579200,98.93
1408665600,98.64
1408752000,98.68
1408838400,98.59
1408924800,98.07
1409011200,98.39
1409097600,98.39
1409184000,98.46
1409270400,98.74
1409356800,98.57
1409443200,98.51
1409529600,98.58
1409616000,98.6
1409702400,98.39
1409788800,98.41
1409875200,98.4
1409961600,98.33
1410048000,98.35
1410134400,98.18
1410220800,98.19
1410307200,98.13
1410393600,98.13
1410480000,98.14
1410566400,98.08
1410652800,98.06
1410739200,98.11
1410825600,98.08
1410912000,98.12
1410998400,97.97
1411084800,97.92
1411171200,97.99
1411257600,98
1411344000,97.92
1411430400,97.99
1411516800,97.95
1411603200,97.88
1411689600,97.6
1411776000,97.67
1411862400,97.65
1411948800,97.67
1412035200,97.66
1412121600,97.71
1412208000,97.76
1412294400,97.74
1412380800,97.66
1412467200,97.68
1412553600,97.73
1412640000,97.78
1412726400,97.81
1412812800,97.95
1412899200,98.02
1412985600,98.01
1413072000,98.04
1413158400,98.08
1413244800,98.19
1413331200,98.24
1413417600,98.24
1413504000,98.25
1413590400,98.33
1413676800,98.39
1413763200,98.41
1413849600,98.31
1413936000,98.21
1414022400,98.28
1414108800,98.24
1414195200,98.23
1414281600,98.28
1414368000,98.28
1414454400,98.27
1414540800,98.32
1414627200,98.45
1414713600,98.49
1414800000,98.56
1414886400,98.48
1414972800,98.52
1415059200,98.51
1415145600,98.45
1415232000,98.5
1415318400,98.45
1415404800,98.28
1415491200,98.35
1415577600,98.44
1415664000,98.48
1415750400,98.6
1415836800,98.57
1415923200,98.55
1416009600,98.56
1416096000,98.58
1416182400,98.65
1416268800,98.7
1416355200,98.7
1416441600,98.71
1416528000,98.61
1416614400,98.59
1416700800,98.39
1416787200,98.45
1416873600,98.43
1416960000,98.47
1417046400,98.41
1417132800,98.41
1417219200,98.31
1417305600,98.36
1417392000,98.34
1417478400,98.33
1417564800,98.33
1417651200,98.36
1417737600,98.36
1417824000,98.43
1417910400,98.41
1417996800,98.45
1418083200,98.46
1418169600,98.5
1418256000,98.47
1418342400,98.38
1418428800,98.4
1418515200,98.4
1418601600,98.45
1418688000,98.52
1418774400,98.45
1418860800,98.45
1418947200,98.41
1419033600,98.4
1419120000,98.37
1419206400,98.36
1419292800,98.37
1419379200,98.35
1419465600,98.36
1419552000,98.35
1419638400,98.32
1419724800,98.34
1419811200,98.36
1419897600,98.39
1419984000,98.35
1420070400,98.34
1420156800,98.35
1420243200,98.33
1420329600,98.32
1420416000,98.33
1420761600,98.35
1420848000,98.34
1420934400,98.36
1421020800,98.4
1421107200,98.38
1421193600,98.28
1421280000,98.24
1421366400,98.25
1421452800,98.25
1421539200,98.31
1421625600,98.29
1421712000,98.24
1421798400,98.24
1421884800,98.23
1421971200,98.25
1422057600,98.26
1422144000,98.28
1422230400,98.39
1422316800,98.44
1422403200,98.41
1422489600,98.37
1422576000,98.36
1422662400,98.33
1422748800,98.31
1422835200,98.36
1422921600,98.36
1423008000,98.32
1423094400,98.31
1423180800,98.32
1423267200,98.33
1423353600,98.36
1423440000,98.29
1423526400,98.24
1423612800,98.16
1423699200,98.23
1423785600,98.33
1423872000,98.41
1423958400,98.35
1424044800,98.42
1424131200,98.43
1424217600,98.4
1424304000,98.38
1424390400,98.41
1424476800,98.44
1424563200,98.38
1424649600,98.37
1424736000,98.25
1424822400,98.27
1424908800,98.24
1424995200,98.28
1425081600,98.25
1425168000,98.25
1425254400,98.27
1425340800,98.38
1425427200,98.31
1425513600,98.34
1425600000,98.34
1425686400,98.34
1425772800,98.36
1425859200,98.37
1425945600,98.5
1426032000,98.53
1426118400,98.51
1426204800,98.54
1426291200,98.5
1426377600,98.49
1426464000,98.5
1426550400,98.47
1426636800,98.41
1426723200,98.38
1426809600,98.34
1426896000,98.23
1426982400,98.25
1427068800,98.21
1427155200,98.16
1427241600,98.1
1427328000,98.18
1427414400,98.11
1427500800,98.16
1427587200,98.18
1427673600,98.25
1427760000,98.29
1427846400,98.28
1427932800,98.24
1428019200,98.28
1428105600,98.32
1428192000,98.37
1428278400,98.41
1428364800,98.37
1428451200,98.36
1428537600,98.45
1428624000,98.46
1428710400,98.49
1428796800,98.51
1428883200,98.47
1428969600,98.49
1429056000,98.52
1429142400,98.51
1429228800,98.53
1429315200,98.5
1429401600,98.53
1429488000,98.53
1429574400,98.53
1429660800,98.5
1429747200,98.44
1429833600,98.52
1429920000,98.51
1430006400,98.5
1430092800,98.56
1430179200,98.6
1430265600,98.62
1430352000,98.67
1430438400,98.72
1430524800,98.71
1430611200,98.76
1430697600,98.77
1430784000,98.79
1430870400,98.75
1430956800,98.77
1431043200,98.77
1431129600,98.77
1431216000,98.78
1431302400,98.77
1431388800,98.69
1431475200,98.68
1431561600,98.62
1431648000,98.6
1431734400,98.6
1431820800,98.61
1431907200,98.61
1431993600,98.59
1432080000,98.57
1432166400,98.55
1432252800,98.49
1432339200,98.43
1432425600,98.43
1432512000,98.4
1432598400,98.35
1432684800,98.26
1432771200,98.16
1432857600,98.19
1432944000,98.26
1433030400,98.21
1433116800,98.27
1433203200,98.21
1433289600,98.26
1433376000,98.24
1433462400,98.2
1433548800,98.16
1433635200,98.16
1433721600,98.15
1433808000,98.19
1433894400,98.2
1433980800,98.21
1434067200,98.23
1434153600,98.19
1434240000,98.21
1434326400,98.2
1434412800,98.19
1434499200,98.13
1434585600,98.11
1434672000,98.11
1434758400,98.09
1434844800,98.12
1434931200,98.1
1435017600,98.19
1435104000,98.22
1435190400,98.21
1435276800,98.23
1435363200,98.24
1435449600,98.27
1435536000,98.25
1435622400,98.28
1435708800,98.27
1435795200,98.26
1435881600,98.25
1435968000,98.22
1436054400,98.31
1436140800,98.33
1436227200,98.32
1436313600,98.36
1436400000,98.3
1436486400,98.26
1436572800,98.36
1436659200,98.34
1436745600,98.27
1436832000,98.28
1436918400,98.28
1437004800,98.36
1437091200,98.31
1437177600,98.31
1437264000,98.34
1437350400,98.35
1437436800,98.34
1437523200,98.32
1437609600,98.31
1437696000,98.34
1437782400,98.35
1437868800,98.31
1437955200,98.33
1438041600,98.31
1438128000,98.33
1438214400,98.28
1438300800,98.23
1438387200,98.29
1438473600,98.27
1438560000,98.28
1438646400,98.32
1438732800,98.29
1438819200,98.25
1438905600,98.31
1438992000,98.32
1439078400,98.31
1439164800,98.31
1439251200,98.32
1439337600,98.3
1439424000,98.28
1439510400,98.3
1439596800,98.31
1439683200,98.32
1439769600,98.33
1439856000,98.3
1439942400,98.32
1440028800,98.3
1440115200,98.31
1440201600,98.33
1440288000,98.35
1440374400,98.39
1440460800,98.37
1440547200,98.37
1440633600,98.42
1440720000,98.44
1440806400,98.43
1440892800,98.42
1440979200,98.45
1441065600,98.45
1441152000,98.46
1441238400,98.49
1441324800,98.48
1441411200,98.36
1441497600,98.41
1441584000,98.43
1441670400,98.48
1441756800,98.42
1441843200,98.44
1441929600,98.45
1442016000,98.44
1442102400,98.48
1442188800,98.49
1442275200,98.47
1442361600,98.42
1442448000,98.42
1442534400,98.41
1442620800,98.43
1442707200,98.36
1442793600,98.36
1442880000,98.41
1442966400,98.42
1443052800,98.45
1443139200,98.48
1443225600,98.47
1443312000,98.46
1443398400,98.48
1443484800,98.5
1443571200,98.49
1443657600,98.55
1443744000,98.6
1443830400,98.63
1443916800,98.63
1444003200,98.64
1444089600,98.66
1444176000,98.64
1444262400,98.66
1444348800,98.61
1444435200,98.61
1444521600,98.62
1444608000,98.6
1444694400,98.64
1444780800,98.72
1444867200,98.74
1444953600,98.8
1445040000,98.83
1445126400,98.79
1445212800,98.81
1445299200,98.82
1445385600,98.86
1445472000,98.86
1445558400,98.9
1445644800,98.91
1445731200,98.93
1445817600,98.96
1445904000,98.96
1445990400,98.96
1446076800,98.93
1446163200,98.92
1446249600,98.96
1446336000,98.93
1446422400,99.02
1446508800,99.13
1446595200,99.2
1446681600,99.18
1446768000,99.11
1446854400,99.13
1446940800,99.11
1447027200,99.15
1447113600,99.1
1447200000,99.04
1447286400,99.07
1447372800,99.06
1447459200,99.05
1447545600,99.05
1447632000,99.06
1447718400,99.08
1447804800,98.87
1447891200,98.89
1447977600,98.89
1448064000,98.89
1448150400,98.93
1448236800,98.92
1448323200,98.93
1448409600,98.95
1448496000,99.01
1448582400,99.02
1448668800,99.05
1448755200,99.05
1448841600,99.08
1448928000,99.08
1449014400,99.06
1449100800,99.05
1449187200,99.02
1449273600,99.07
1449360000,99.07
1449446400,99.08
1449532800,99.06
1449619200,99.04
1449705600,99.07
1449792000,99.08
1449878400,99.07
1449964800,99.07
1450051200,99.09
1450137600,99.13
1450224000,99.11
1450310400,99.12
1450396800,99.12
1450483200,99.16
1450569600,99.13
1450656000,99.13
1450742400,99.13
1450828800,99.14
1450915200,99.13
1451001600,99.1
1451088000,99.06
1451174400,99.05
1451260800,99
1451347200,99.04
1451433600,99.01
1451520000,99.05
1451606400,99.04
1451692800,99.03
1451779200,99.04
1451865600,99.03
1451952000,99.02
1452038400,99.06
1452124800,99.08
1452211200,99.06
1452297600,99.02
1452384000,99.03
1452470400,99.03
1452556800,99
1452643200,98.98
1452729600,98.95
1452816000,98.89
1452902400,98.87
1452988800,98.65
1453075200,98.76
1453161600,98.81
1453248000,98.82
1453334400,98.72
1453420800,98.68
1453507200,98.75
1453593600,98.74
1453680000,98.73
1453766400,98.42
1453852800,98.28
1453939200,98.4
1454025600,98.44
1454112000,98.57
1454198400,98.56
1454284800,98.57
1454371200,98.57
1454457600,98.55
1454544000,98.55
1454630400,98.49
1454716800,98.51
1454803200,98.52
1454889600,98.52
1454976000,98.53
1455062400,98.57
1455148800,98.6
1455235200,98.44
1455321600,98.45
1455408000,98.51
1455494400,98.47
1455580800,98.46
1455667200,98.59
1455753600,98.64
1455840000,98.61
1455926400,98.67
1456012800,98.63
1456099200,98.63
1456185600,98.65
1456272000,98.64
1456358400,98.61
1456444800,98.67
1456531200,98.68
1456617600,98.7
1456704000,98.69
1456790400,98.72
1456876800,98.71
1456963200,98.57
1457049600,98.55
1457136000,98.5
1457222400,98.51
1457308800,98.53
1457395200,98.49
1457481600,98.48
1457568000,98.32
1457654400,98.31
1457740800,98.26
1457827200,98.21
1457913600,98.32
1458000000,98.31
1458086400,98.24
1458172800,98.31
1458259200,98.33
1458345600,98.29
1458432000,98.26
1458518400,98.24
1458604800,98.28
1458691200,98.21
1458777600,98.11
1458864000,98.04
1458950400,98.06
1459036800,98.16
1459123200,98.17
1459209600,98.07
1459296000,98.13
1459382400,98.16
1459468800,98.12
1459555200,98.06
1459641600,98.08
1459728000,98.05
1459814400,98.14
1459900800,98.14
1459987200,98.18
1460073600,98.18
1460160000,98.31
1460246400,98.33
1460332800,98.38
1460419200,98.46
1460505600,98.38
1460592000,98.36
1460678400,98.43
1460764800,98.42
1460851200,98.39
1460937600,98.41
1461024000,98.41
1461110400,98.45
1461196800,98.52
1461283200,98.45
1461369600,98.48
1461456000,98.44
1461542400,98.54
1461628800,98.56
1461715200,98.47
1461801600,98.44
1461888000,98.46
1461974400,98.41
1462060800,98.39
1462147200,98.36
1462233600,98.39
1462320000,98.38
1462406400,98.41
1462492800,98.47
1462579200,98.5
1462665600,98.46
1462752000,98.51
1462838400,98.49
1462924800,98.46
1463011200,98.46
1463097600,98.41
1463184000,98.42
1463270400,98.39
1463356800,98.37
1463443200,98.38
1463529600,98.37
1463616000,98.29
1463702400,98.21
1463788800,98.17
1463875200,98.16
1463961600,98.17
1464048000,98.18
1464134400,98.22
1464220800,98.18
1464307200,98.36
1464393600,98.52
1464480000,98
1464566400,98.06
1464652800,98.09
1464739200,98.07
1464825600,98.1
1464912000,98.13
1464998400,98.08
1465084800,98.05
1465171200,98.11
1465257600,98.12
1465344000,98.07
1465430400,98
1465516800,98.01
1465603200,98.11
1465689600,98.31
1465776000,98.29
1465862400,98.19
1465948800,98.23
1466035200,98.34
1466121600,98.36
1466208000,98.42
1466294400,98.41
1466380800,98.4
1466467200,98.37
1466553600,98.26
1466640000,98.24
1466726400,98.35
1466812800,98.41
1466899200,98.09
1466985600,98.16
1467072000,98.18
1467158400,98.15
1467244800,98.21
1467331200,98.22
1467417600,98.24
1467504000,98.15
1467590400,98.16
1467676800,98.13
1467763200,98.14
1467849600,98.06
1467936000,98.07
1468022400,97.9
1468108800,97.8
1468195200,97.42
1468281600,96.24
1468368000,95.3
1468454400,95.53
1468540800,95.9
1468627200,95.85
1468713600,95.75
1468800000,96.28
1468886400,94.95
1468972800,95.17
1469059200,95.56
1469145600,95.53
1469232000,95.19
1469318400,95.19
1469404800,95.37
1469491200,95.81
1469577600,95.85
1469664000,95.96
1469750400,96.3
1469836800,96.1
1469923200,95.91
1470009600,96.05
1470096000,95.81
1470182400,95.96
1470268800,96.04
1470355200,95.96
1470441600,95.9
1470528000,95.74
1470614400,95.86
1470700800,96.03
1470787200,96.24
1470873600,96.3
1470960000,96.3
1471046400,95.94
1471132800,95.84
1471219200,95.88
1471305600,96.02
1471392000,95.82
1471478400,95.79
1471564800,95.79
1471651200,95.91
1471737600,95.79
1471824000,95.74
1471910400,95.99
1471996800,96.01
1472083200,96.27
1472169600,96.23
1472256000,96.21
1472342400,95.78
1472428800,95.55
1472515200,95.68
1472601600,95.73
1472688000,96.01
1472774400,95.64
1472860800,95.82
1472947200,95.58
1473033600,95.35
1473120000,95.66
1473206400,95.71
1473292800,95.9
1473379200,95.77
1473465600,95.76
1473552000,95.9
1473638400,95.85
1473724800,95.82
1473811200,95.95
1473897600,96.11
1473984000,96.21
1474070400,96.09
1474156800,96.11
1474243200,96.04
1474329600,95.98
1474416000,96.16
1474502400,96.01
1474588800,96.04
1474675200,95.87
1474761600,95.82
1474848000,96.03
1474934400,96.06
1475020800,96.08
1475107200,96.16
1475193600,96.21
1475280000,96.52
1475366400,96.35
1475452800,96.34
1475539200,96.44
1475625600,96.58
1475712000,96.56
1475798400,96.65
1475884800,96.7
1475971200,95.87
1476057600,96.06
1476144000,96.33
1476230400,96.27
1476316800,96.24
1476403200,96.35
1476489600,96.43
1476576000,96.46
1476662400,96.57
1476748800,96.5
1476835200,96.51
1476921600,96.44
1477008000,96.43
1477094400,96.59
1477180800,96.51
1477267200,96.49
1477353600,96.62
1477440000,96.75
1477526400,96.78
1477612800,96.99
1477699200,97.32
1477785600,96.97
1477872000,97.11
1477958400,97.31
1478044800,97.33
1478131200,97.19
1478217600,97.13
1478304000,96.89
1478390400,96.9
1478476800,96.85
1478563200,96.88
1478649600,97.01
1478736000,96.87
1478822400,96.83
1478908800,96.78
1478995200,96.78
1479081600,96.74
1479168000,96.81
1479254400,97.1
1479340800,97.12
1479427200,97.19
1479513600,97.2
1479600000,97.19
1479686400,97.16
1479772800,97.12
1479859200,97.07
1479945600,97.06
1480032000,97.07
1480118400,97.07
1480204800,96.91
1480291200,96.99
1480377600,97.05
1480464000,96.96
1480550400,97.09
1480636800,97.2
1480723200,97.12
1480809600,97.16
1480896000,97.12
1480982400,97.11
1481068800,97.02
1481155200,97.06
1481241600,97.05
1481328000,97.14
1481414400,97.09
1481500800,97.1
1481587200,97.18
1481673600,97.15
1481760000,97.09
1481846400,95.06
1481932800,95.2
1482019200,95.11
1482105600,95.24
1482192000,95.39
1482278400,95.57
1482364800,95.89
1482451200,96.1
1482537600,95.99
1482624000,95.96
1482710400,95.92
1482796800,95.82
1482883200,95.9
1482969600,95.85
1483056000,95.77
1483142400,95.73
1483228800,95.79
1483315200,95.72
1483401600,95.69
1483488000,95.78
1483574400,95.46
1483660800,95.28
1483747200,95.42
1483833600,95.37
1483920000,95.09
1484006400,95.14
1484092800,94.79
1484179200,94.8
1484265600,94.93
1484352000,94.94
1484438400,94.91
1484524800,94.88
1484611200,95.11
1484697600,95.06
1484784000,95.08
1484870400,95.15
1484956800,95.22
1485043200,95.17
1485129600,95.16
1485216000,95.18
1485302400,95.21
1485388800,95.32
1485475200,95.26
1485561600,95.16
1485648000,95.15
1485734400,95.13
1485820800,95.37
1485907200,95.36
1485993600,95.5
1486080000,95.53
1486166400,95.59
1486252800,95.58
1486339200,95.54
1486425600,95.66
1486512000,95.67
1486598400,95.54
1486684800,95.58
1486771200,95.55
1486857600,95.56
1486944000,95.57
1487030400,95.49
1487116800,95.39
1487203200,95.56
1487289600,95.64
1487376000,95.71
1487462400,95.58
1487548800,95.81
1487635200,96.04
1487721600,95.96
1487808000,95.96
1487894400,96.09
1487980800,95.94
1488067200,95.96
1488153600,95.99
1488240000,95.88
1488326400,95.68
1488412800,95.54
1488499200,95.36
1488585600,95.53
1488672000,95.42
1488758400,95.31
1488844800,95.19
1488931200,95.2
1489017600,95.03
1489104000,94.74
1489190400,94.12
1489276800,93.95
1489363200,93.86
1489449600,93.45
1489536000,93.14
1489622400,92.67
1489708800,91.98
1489795200,90.65
1489881600,90.69
1489968000,91.2
1490054400,91.86
1490140800,91.04
1490227200,90.31
1490313600,89.79
1490400000,90.53
1490486400,90.32
1490572800,91.11
1490659200,90.7
1490745600,90.64
1490832000,89.91
1490918400,89.24
1491004800,89.1
1491091200,83.67
1491177600,88.32
1491264000,87.22
1491350400,87.47
1491436800,88.68
1491523200,88.14
1491609600,88.08
1491696000,88.53
1491782400,88.58
1491868800,88.89
1491955200,88.34
1492041600,87.85
1492128000,88.01
1492214400,87.64
1492300800,87.74
1492387200,87.51
1492473600,87.57
1492560000,88.07
1492646400,88.47
1492732800,87.99
1492819200,88.29
1492905600,88.22
1492992000,88.1
1493078400,88.23
1493164800,88.2
1493251200,87.64
1493337600,86.1
1493424000,84.33
1493510400,84.52
1493596800,85.4
1493683200,85.49
1493769600,84.69
1493856000,82.66
1493942400,81.21
1494028800,80.04
1494115200,75.98
1494201600,72.76
1494288000,76.52
1494374400,74.59
1494460800,75.21
1494547200,72.15
1494633600,72.89
1494720000,72.31
1494806400,68.66
1494892800,65.36
1494979200,62.83
1495065600,64.43
1495152000,66.65
1495238400,65.94
1495324800,65.53
1495411200,67.73
1495497600,66.83
1495584000,70.09
1495670400,72.71
1495756800,70.57
1495843200,73.68
1495929600,73.22
1496016000,72.98
1496102400,73.82
1496188800,72.04
1496275200,68.08
1496361600,69.82
1496448000,70.14
1496534400,69.27
1496620800,70.31
1496707200,71.39
1496793600,70.87
1496880000,70.6
1496966400,70.45
1497052800,72.28
1497139200,71.48
1497225600,71.26
1497312000,70.28
1497398400,69.31
1497484800,69.74
1497571200,69.92
1497657600,70.09
1497744000,69.31
1497830400,68.69
1497916800,68.61
1498003200,69.97
1498089600,69.86
1498176000,69.09
1498262400,69.43
1498348800,70.31
1498435200,70.85
1498521600,71.02
1498608000,70.26
1498694400,71.3
1498780800,71.22
1498867200,71.92
1498953600,71.69
1499040000,71.75
1499126400,72.3
1499212800,72.13
1499299200,71.88
1499385600,73.3
1499472000,73.34
1499558400,73.71
1499644800,76.23
1499731200,76.9
1499817600,75.13
1499904000,75.6
1499990400,52.51
1500076800,52.72
1500163200,54.14
1500249600,53.45
1500336000,50.23
1500422400,54.08
1500508800,55.71
1500595200,54.78
1500681600,54.45
1500768000,54.3
1500854400,54.37
1500940800,55.27
1501027200,55.17
1501113600,56.08
1501200000,58.87
1501286400,57.09
1501372800,58.59
1501459200,58.39
1501545600,55
1501632000,55.78
1501718400,54.35
1501804800,55.35
1501891200,55.64
1501977600,53.9
1502064000,53.24
1502150400,51.9
1502236800,52.62
1502323200,52.66
1502409600,53.05
1502496000,54.69
1502582400,56.36
1502668800,57.66
1502755200,57.83
1502841600,57.97
1502928000,57.17
1503014400,53.76
1503100800,54.39
1503187200,53.39
1503273600,52.26
1503360000,51.64
1503446400,51.75
1503532800,53.12
1503619200,52.78
1503705600,52.34
1503792000,51.63
1503878400,51.53
1503964800,52.3
1504051200,51.39
1504137600,51.37
1504224000,51.53
1504310400,52.81
1504396800,52.41
1504483200,54.13
1504569600,53.65
1504656000,52.94
1504742400,52.91
1504828800,53.33
1504915200,53.59
1505001600,53.59
1505088000,53.39
1505174400,52.97
1505260800,52.79
1505347200,54.25
1505433600,54.15
1505520000,54.38
1505606400,54.34
1505692800,53.65
1505779200,53.37
1505865600,53.48
1505952000,54.1
1506038400,53.82
1506124800,53.5
1506211200,53.12
1506297600,53.32
1506384000,53.29
1506470400,53.48
1506556800,53.74
1506643200,54.37
1506729600,54.06
1506816000,54.53
1506902400,54.74
1506988800,54.78
1507075200,54.8
1507161600,54.79
1507248000,54.45
1507334400,54.52
1507420800,55.53
1507507200,57.8
1507593600,57.22
1507680000,57.01
1507766400,59.81
1507852800,58.91
1507939200,59.59
1508025600,59.12
1508112000,59.39
1508198400,59.44
1508284800,59.99
1508371200,61
1508457600,62.73
1508544000,62.95
1508630400,63.14
1508716800,63.75
1508803200,60.74
1508889600,61.75
1508976000,62.52
1509062400,61.84
1509148800,61.67
1509235200,62.41
1509321600,62.34
1509408000,63.84
1509494400,65.11
1509580800,65.94
1509667200,64.68
1509753600,65.87
1509840000,65.88
1509926400,64.43
1510012800,64.72
1510099200,64.39
1510185600,62.45
1510272000,59.91
1510358400,56.1
1510444800,54
1510531200,56.82
1510617600,56.49
1510704000,59.18
1510790400,62.3
1510876800,60.27
1510963200,59.32
1511049600,60.36
1511136000,59.92
1511222400,60.18
1511308800,59.07
1511395200,56.47
1511481600,55.42
1511568000,57.13
1511654400,57.66
1511740800,58.53
1511827200,58.71
1511913600,60.78
1512000000,60
1512086400,60.53
1512172800,60.47
1512259200,60.36
1512345600,60.15
1512432000,60.16
1512518400,64.84
1512604800,70.88
1512691200,67.5
1512777600,65.47
1512864000,67.39
1512950400,66.4
1513036800,62.76
1513123200,59.96
1513209600,57.23
1513296000,59.45
1513382400,60.5
1513468800,58.96
1513555200,55.8
1513641600,52.06
1513728000,49.16
1513814400,47.82
1513900800,48.96
1513987200,48.53
1514073600,47.64
1514160000,47.49
1514246400,49.57
1514332800,49.24
1514419200,48.13
1514505600,45.48
1514592000,43.21
1514678400,43.28
1514764800,41.78
1514851200,42.09
1514937600,39.45
1515024000,39.52
1515110400,42.85
1515196800,41.79
1515283200,39.17
1515369600,38.73
1515456000,38.22
1515542400,38.95
1515628800,38.43
1515715200,37.06
1515801600,36.62
1515888000,36.83
1515974400,38.11
1516060800,40.14
1516147200,39.26
1516233600,38.34
1516320000,38.55
1516406400,38.74
1516492800,39.12
1516579200,38.88
1516665600,39.02
1516752000,38.81
1516838400,38.64
1516924800,38.94
1517011200,38.82
1517097600,37.67
1517184000,37.81
1517270400,38.25
1517356800,37.64
1517443200,38.13
1517529600,39.15
1517616000,38.47
1517702400,39.23
1517788800,40.11
1517875200,39.34
1517961600,40.12
1518048000,39.22
1518134400,38.75
1518220800,38.61
1518307200,38.65
1518393600,39.15
1518480000,38.92
1518566400,38.71
1518652800,39.93
1518739200,39.61
1518825600,40.76
1518912000,41.11
1518998400,41.89
1519084800,43.68
1519171200,43.59
1519257600,43.41
1519344000,42.82
1519430400,42.52
1519516800,42.01
1519603200,42.92
1519689600,43.4
1519776000,43.75
1519862400,44.3
1519948800,44.97
1520035200,45.97
1520121600,45.33
1520208000,45.89
1520294400,45.51
1520380800,45.54
1520467200,45.84
1520553600,45.04
1520640000,45.26
1520726400,45.59
1520812800,45.67
1520899200,45.9
1520985600,46.27
1521072000,46.56
1521158400,46.84
1521244800,47.58
1521331200,48.36
1521417600,47.64
1521504000,48
1521590400,48.09
1521676800,48.33
1521763200,48.74
1521849600,48.46
1521936000,48.16
1522022400,49.02
1522108800,49.33
1522195200,49.69
1522281600,50.31
1522368000,49.34
1522454400,49.66
1522540800,49.62
1522627200,49.64
1522713600,48.83
1522800000,49.24
1522886400,49.01
1522972800,49.21
1523059200,49.42
1523145600,49.04
1523232000,48.56
1523318400,48.18
1523404800,47.03
1523491200,46.9
1523577600,46.87
1523664000,46.91
1523750400,46.25
1523836800,46.1
1523923200,45.82
1524009600,44.64
1524096000,43.31
1524182400,42.43
1524268800,43.39
1524355200,42.68
1524441600,41.75
1524528000,41.88
1524614400,42.82
1524700800,42.01
1524787200,41.87
1524873600,41.15
1524960000,40.51
1525046400,41.31
1525132800,40.6
1525219200,40.22
1525305600,40.33
1525392000,40.32
1525478400,39.72
1525564800,39.86
1525651200,40.22
1525737600,39.96
1525824000,40.36
1525910400,40.81
1525996800,41.34
1526083200,41.08
1526169600,40.36
1526256000,40.69
1526342400,41.08
1526428800,40.94
1526515200,41.46
1526601600,41.22
1526688000,41.34
1526774400,41.06
1526860800,41.52
1526947200,42.24
1527033600,43.08
1527120000,41.98
1527206400,42.48
1527292800,42.16
1527379200,42.58
1527465600,43.98
1527552000,42.75
1527638400,42.86
1527724800,42.03
1527811200,42.03
1527897600,41.38
1527984000,40.76
1528070400,41.26
1528156800,40.96
1528243200,41.22
1528329600,41.31
1528416000,41.53
1528502400,41.5
1528588800,42.22
1528675200,42.18
1528761600,43.01
1528848000,43.07
1528934400,42.51
1529020800,42.92
1529107200,43.04
1529193600,43.04
1529280000,43.22
1529366400,42.84
1529452800,43.16
1529539200,43.34
1529625600,44.06
1529712000,44.08
1529798400,44.96
1529884800,44.87
1529971200,45.88
1530057600,45.39
1530144000,45.7
1530230400,46.07
1530316800,45.73
1530403200,45.56
1530489600,44.98
1530576000,45.26
1530662400,45.13
1530748800,45.33
1530835200,45.68
1530921600,45.55
1531008000,45.57
1531094400,46.24
1531180800,46.7
1531267200,46.47
1531353600,46.74
1531440000,46.33
1531526400,46.4
1531612800,45.96
1531699200,45.57
1531785600,46.37
1531872000,47.09
1531958400,47.79
1532044800,48.99
1532131200,48.56
1532217600,48.81
1532304000,50.11
1532390400,50.78
1532476800,50.16
1532563200,50.17
1532649600,50.58
1532736000,50.66
1532822400,50.78
1532908800,51.34
1532995200,51.27
1533081600,51.2
1533168000,51.82
1533254400,51.06
1533340800,50.55
1533427200,50.23
1533513600,50.4
1533600000,51.2
1533686400,51.97
1533772800,52.01
1533859200,52.34
1533945600,53.84
1534032000,54.04
1534118400,56.09
1534204800,56.45
1534291200,56.45
1534377600,56.02
1534464000,53.46
1534550400,54.81
1534636800,54.53
1534723200,55.84
1534809600,55.67
1534896000,56.22
1534982400,56.12
1535068800,56.34
1535155200,56.5
1535241600,56.61
1535328000,55.84
1535414400,55.51
1535500800,55.92
1535587200,56.16
1535673600,56.07
1535760000,55.31
1535846400,55.7
1535932800,55.9
1536019200,56.16
1536105600,58.81
1536192000,57.63
1536278400,58.31
1536364800,59.96
1536451200,59.81
1536537600,59.85
1536624000,60.78
1536710400,60.9
1536796800,59.07
1536883200,59.33
1536969600,58.65
1537056000,58.64
1537142400,60.55
1537228800,59.07
1537315200,58.88
1537401600,56.17
1537488000,53.31
1537574400,53.82
1537660800,53.28
1537747200,55.22
1537833600,55.41
1537920000,55.41
1538006400,53.85
1538092800,54.41
1538179200,53.83
1538265600,53.66
1538352000,53.84
1538438400,54.71
1538524800,55.01
1538611200,54.76
1538697600,54.59
1538784000,55.64
1538870400,55.57
1538956800,55.3
1539043200,55.59
1539129600,55.74
1539216000,58.23
1539302400,57.46
1539388800,57.19
1539475200,57.78
1539561600,57.37
1539648000,56.86
1539734400,56.77
1539820800,57.1
1539907200,56.97
1539993600,56.8
1540080000,56.86
1540166400,56.84
1540252800,56.78
1540339200,56.96
1540425600,56.97
1540512000,56.96
1540598400,57.13
1540684800,56.91
1540771200,57.42
1540857600,57.2
1540944000,57.07
1541030400,57.04
1541116800,56.64
1541203200,56.63
1541289600,55.72
1541376000,55.44
1541462400,54.07
1541548800,54.72
1541635200,55.41
1541721600,55.48
1541808000,55.26
1541894400,55.44
1541980800,55.39
1542067200,55.74
1542153600,55.92
1542240000,55.76
1542326400,56.23
1542412800,55.96
1542499200,55.73
1542585600,55.76
1542672000,56.21
1542758400,55.98
1542844800,56.14
1542931200,56.84
1543017600,56.23
1543104000,56.71
1543190400,56.75
1543276800,56.75
1543363200,57.01
1543449600,57.68
1543536000,57.46
1543622400,57.75
1543708800,57.72
1543795200,57.79
1543881600,57.97
1543968000,58.39
1544054400,59.43
1544140800,58.86
1544227200,59.08
1544313600,59.23
1544400000,59.39
1544486400,59.36
1544572800,59.37
1544659200,59.16
1544745600,59.4
1544832000,59.42
1544918400,59.17
1545004800,58.5
1545091200,57.87
1545177600,58.06
1545264000,57.48
1545350400,57.14
1545436800,57.07
1545523200,55.75
1545609600,55.1
1545696000,55.28
1545782400,55.34
1545868800,55.88
1545955200,54.7
1546041600,54.58
1546128000,54.59
1546214400,55.01
1546300800,54.64
1546387200,53.92
1546473600,54.32
1546560000,54.07
1546646400,53.99
1546732800,54.5
1546819200,54.8
1546905600,54.58
1546992000,54.35
1547078400,55.21
1547164800,55.38
1547251200,55.28
1547337600,55.99
1547424000,55.17
1547510400,55.56
1547596800,55.28
1547683200,55.27
1547769600,55.51
1547856000,55.5
1547942400,55.42
1548028800,55.41
1548115200,55.35
1548201600,55.38
1548288000,55.41
1548374400,55.51
1548460800,55.55
1548547200,55.9
1548633600,56.59
1548720000,56.65
1548806400,55.73
1548892800,56.2
1548979200,56.35
1549065600,56.06
1549152000,56.29
1549238400,56.29
1549324800,56.38
1549411200,56.5
1549497600,56.3
1549584000,55.67
1549670400,55.64
1549756800,55.24
1549843200,55.58
1549929600,55.33
1550016000,55.38
1550102400,55.63
1550188800,55.41
1550275200,55.45
1550361600,54.96
1550448000,54.61
1550534400,54.64
1550620800,54.19
1550707200,54.68
1550793600,54.59
1550880000,54.23
1550966400,55.22
1551052800,54.53
1551139200,54.75
1551225600,54.98
1551312000,54.82
1551398400,54.69
1551484800,54.86
1551571200,54.97
1551657600,55.28
1551744000,54.45
1551830400,54.33
1551916800,54.29
1552003200,54.71
1552089600,54.5
1552176000,54.41
1552262400,54.64
1552348800,54.21
1552435200,54.23
1552521600,54.07
1552608000,53.78
1552694400,53.67
1552780800,53.8
1552867200,53.9
1552953600,53.8
1553040000,53.8
1553126400,53.98
1553212800,53.79
1553299200,53.49
1553385600,53.57
1553472000,53.7
1553558400,53.73
1553644800,53.26
1553731200,53.34
1553817600,53.23
1553904000,53.33
1553990400,53.2
1554076800,53.2
1554163200,53.67
1554249600,53.87
1554336000,53.99
1554422400,53.23
1554508800,53.4
1554595200,53.35
1554681600,53.83
1554768000,53.97
1554854400,54.13
1554940800,54.83
1555027200,54.93
1555113600,54.91
1555200000,54.61
1555286400,54.9
1555372800,55.03
1555459200,55.08
1555545600,54.71
1555632000,54.72
1555718400,54.97
1555804800,55.51
1555891200,55.71
1555977600,56.79
1556064000,57.3
1556150400,57.39
1556236800,57.19
1556323200,57.23
1556409600,57.43
1556496000,57.85
1556582400,56.78
1556668800,57.24
1556755200,57.55
1556841600,57.86
1556928000,58.68
1557014400,58.64
1557100800,58.16
1557187200,58.97
1557273600,59.48
1557360000,60.76
1557446400,61.19
1557532800,61.59
1557619200,61.48
1557705600,63.1
1557792000,61.26
1557878400,59.12
1557964800,58.58
1558051200,58.56
1558137600,58.83
1558224000,59.36
1558310400,59.51
1558396800,58.94
1558483200,59.2
1558569600,59.55
1558656000,59.33
1558742400,59.44
1558828800,60.08
1558915200,59.26
1559001600,58.87
1559088000,58.32
1559174400,58.64
1559260800,58
1559347200,58.51
1559433600,58.49
1559520000,58.32
1559606400,58.04
1559692800,57.96
1559779200,57.63
1559865600,57.84
1559952000,58.06
1560038400,58.33
1560124800,58.06
1560211200,57.92
1560297600,57.73
1560384000,58.07
1560470400,59.11
1560556800,59.14
1560643200,59.28
1560729600,59.59
1560816000,59.69
1560902400,59.51
1560988800,60.24
1561075200,60.91
1561161600,60.88
1561248000,61.5
1561334400,61.69
1561420800,63.02
1561507200,65.23
1561593600,64.53
1561680000,65.78
1561766400,64.24
1561852800,63.84
1561939200,62.78
1562025600,63.93
1562112000,65.59
1562198400,64.89
1562284800,64.48
1562371200,64.83
1562457600,64.56
1562544000,65.9
1562630400,66.7
1562716800,67.34
1562803200,67.61
1562889600,67.66
1562976000,67.56
1563062400,67.99
1563148800,69.14
1563235200,68.69
1563321600,67.98
1563408000,68.24
1563494400,68.17
1563580800,67.75
1563667200,67.61
1563753600,67.69
1563840000,67.34
1563926400,66.72
1564012800,67.05
1564099200,66.57
1564185600,66.82
1564272000,66.74
1564358400,66.58
1564444800,66.57
1564531200,67.07
1564617600,67.88
1564704000,68.31
1564790400,68.62
1564876800,68.95
1564963200,69.99
1565049600,70.04
1565136000,70.85
1565222400,70.81
1565308800,72.11
1565395200,71.1
1565481600,70.79
1565568000,70.9
1565654400,70.14
1565740800,70.49
1565827200,70.77
1565913600,71.19
1566000000,70.87
1566086400,70.23
1566172800,70.97
1566259200,71.16
1566345600,70.76
1566432000,70.42
1566518400,70.58
1566604800,70.37
1566691200,70.65
1566777600,70.97
1566864000,70.73
1566950400,71.13
1567036800,70.92
1567123200,71.08
1567209600,71.02
1567296000,71.33
1567382400,71.98
1567468800,72.33
1567555200,72.64
1567641600,72.79
1567728000,72.71
1567814400,72.14
1567900800,71.7
1567987200,71.61
1568073600,71.36
1568160000,71.76
1568246400,72.18
1568332800,72
1568419200,71.49
1568505600,71.43
1568592000,70.99
1568678400,69.87
1568764800,69.05
1568851200,69.2
1568937600,69.35
1569024000,69.22
1569110400,69.85
1569196800,70.05
1569283200,71.01
1569369600,70.18
1569456000,69.81
1569542400,69.62
1569628800,69.66
1569715200,69.65
1569801600,69.21
1569888000,69.66
1569974400,69.43
1570060800,69.41
1570147200,69.08
1570233600,68.96
1570320000,68.71
1570406400,68.39
1570492800,68.29
1570579200,68.42
1570665600,68.81
1570752000,68.76
1570838400,68.75
1570924800,68.44
1571011200,67.99
1571097600,68.14
1571184000,68.22
1571270400,67.83
1571356800,67.99
1571443200,68.03
1571529600,68.35
1571616000,68.24
1571702400,68.07
1571788800,67.74
1571875200,67.52
1571961600,68.52
1572048000,70.06
1572134400,69.99
1572220800,69.47
1572307200,69.21
1572393600,69.18
1572480000,69.22
1572566400,69.35
1572652800,69.3
1572739200,69.23
1572825600,69.2
1572912000,68.67
1572998400,68.43
1573084800,68.68
1573171200,68.3
1573257600,68.1
1573344000,68.25
1573430400,67.88
1573516800,67.96
1573603200,67.79
1573689600,67.76
1573776000,67.83
1573862400,67.76
1573948800,67.71
1574035200,67.71
1574121600,67.8
1574208000,67.93
1574294400,67.97
1574380800,68.23
1574467200,67.87
1574553600,68.12
1574640000,68.31
1574726400,68.09
1574812800,68.58
1574899200,68.45
1574985600,68.74
1575072000,68.64
1575158400,68.35
1575244800,68.36
1575331200,68.47
1575417600,68.57
1575504000,68.71
1575590400,68.88
1575676800,68.78
1575763200,68.61
1575849600,68.52
1575936000,68.52
1576022400,68.53
1576108800,68.51
1576195200,68.49
1576281600,68.4
1576368000,68.46
1576454400,68.89
1576540800,69.77
1576627200,70.17
1576713600,70.3
1576800000,70.03
1576886400,70.17
1576972800,70.56
1577059200,70.62
1577145600,70.5
1577232000,70.61
1577318400,70.54
1577404800,70.43
1577491200,70.31
1577577600,70.03
1577664000,69.93
1577750400,70.03
1577836800,69.92
1577923200,69.92
1578009600,69.96
1578096000,69.88
1578182400,69.7
1578268800,69.19
1578355200,70.4
1578441600,70.52
1578528000,70.19
1578614400,69.78
1578700800,69.66
1578787200,69.47
1578873600,69.57
1578960000,67.5
1579046400,67.66
1579132800,67.66
1579219200,67.43
1579305600,67.3
1579392000,67.47
1579478400,67.15
1579564800,67.01
1579651200,66.99
1579737600,67.44
1579824000,67.45
1579910400,67.5
1579996800,67.16
1580083200,67.35
1580169600,67.83
1580256000,67.68
1580342400,67.25
1580428800,67.49
1580515200,67.16
1580601600,66.65
1580688000,66.44
1580774400,66.11
1580860800,65.67
1580947200,65.52
1581033600,65.26
1581120000,65.03
1581206400,65.06
1581292800,64.61
1581379200,64.28
1581465600,63.45
1581552000,63.05
1581638400,62.4
1581724800,63.31
1581811200,64.22
1581897600,63.55
1581984000,63.65
1582070400,64.12
1582156800,64.24
1582243200,64.06
1582329600,64.16
1582416000,63.84
1582502400,64.19
1582588800,64.86
1582675200,65.64
1582761600,65.27
1582848000,65.31
1582934400,65.45
1583020800,65.48
1583107200,65.08
1583193600,65.14
1583280000,65.15
1583366400,65.38
1583452800,64.76
1583539200,65.03
1583625600,66.14
1583712000,65.63
1583798400,65.29
1583884800,65.96
1583971200,65.14
1584057600,65.4
1584144000,64.7
1584230400,65.55
1584316800,66.01
1584403200,66.11
1584489600,66.04
1584576000,66.27
1584662400,66.82
1584748800,66.7
1584835200,66.89
1584921600,67.4
1585008000,67.77
1585094400,67.86
1585180800,67.28
1585267200,67.07
1585353600,66.65
1585440000,66.42
1585526400,66.95
1585612800,66.31
1585699200,66.79
1585785600,66.7
1585872000,66.31
1585958400,66.43
1586044800,66.42
1586131200,65.5
1586217600,65.68
1586304000,65.08
1586390400,65.16
1586476800,65.32
1586563200,65.32
1586649600,65.3
1586736000,65.4
1586822400,65.35
1586908800,65.01
1586995200,64.84
1587081600,64.77
1587168000,64.26
1587254400,64.52
1587340800,64.57
1587427200,64.5
1587513600,64.4
1587600000,65.31
1587686400,64.85
1587772800,64.58
1587859200,64.72
1587945600,64.94
1588032000,64.51
1588118400,65.85
1588204800,66.38
1588291200,66.43
1588377600,66.44
1588464000,66.74
1588550400,66.85
1588636800,67.19
1588723200,68.01
1588809600,68.92
1588896000,68.41
1588982400,67.94
1589068800,67.98
1589155200,67.64
1589241600,67.77
1589328000,68.26
1589414400,68.43
1589500800,67.99
1589587200,67.81
1589673600,68.13
1589760000,67.73
1589846400,67.92
1589932800,67.65
1590019200,67.47
1590105600,66.98
1590192000,67.1
1590278400,66.65
1590364800,66.6
1590451200,66.65
1590537600,67.06
1590624000,67.21
1590710400,66.87
1590796800,66.19
1590883200,66.39
1590969600,65.13
1591056000,64.18
1591142400,64.07
1591228800,64.28
1591315200,64.08
1591401600,64.05
1591488000,64.16
1591574400,64.18
1591660800,64.23
1591747200,64.26
1591833600,64.43
1591920000,64.27
1592006400,64.23
1592092800,64.38
1592179200,64.44
1592265600,64.41
1592352000,64.25
1592438400,64.3
1592524800,64.33
1592611200,64.38
1592697600,64.33
1592784000,64.32
1592870400,64.15
1592956800,64
1593043200,64.04
1593129600,64.02
1593216000,64.49
1593302400,64.34
1593388800,64.22
1593475200,64.25
1593561600,64.08
1593648000,64.04
1593734400,63.88
1593820800,63.69
1593907200,63.67
1593993600,63.07
1594080000,62.8
1594166400,62.37
1594252800,62.11
1594339200,62.39
1594425600,62.12
1594512000,61.99
1594598400,62.58
1594684800,62.41
1594771200,62.3
1594857600,62.06
1594944000,62.08
1595030400,61.88
1595116800,61.77
1595203200,62.1
1595289600,62.02
1595376000,61.45
1595462400,61.2
1595548800,61.18
1595635200,60.29
1595721600,60.76
1595808000,62.61
1595894400,62.16
1595980800,62.48
1596067200,61.93
1596153600,61.93
1596240000,61.08
1596326400,60.65
1596412800,60.14
1596499200,59.98
1596585600,60.72
1596672000,60.67
1596758400,60.91
1596844800,60.44
1596931200,60.37
1597017600,60.34
1597104000,60.4
1597190400,60.08
1597276800,59.45
1597363200,58.95
1597449600,58.91
1597536000,58.63
1597622400,59.35
1597708800,59.27
1597795200,59.71
1597881600,59.25
1597968000,59.93
1598054400,59.55
1598140800,59.61
1598227200,59.22
1598313600,59.6
1598400000,59.65
1598486400,59.91
1598572800,59.78
1598659200,59.39
1598745600,58.93
1598832000,58.33
1598918400,57.65
1599004800,58.06
1599091200,58.46
1599177600,58.27
1599264000,59.71
1599350400,58.89
1599436800,59.1
1599523200,59.1
1599609600,58.69
1599696000,58.33
1599782400,58.17
1599868800,57.66
1599955200,58.18
1600041600,58.54
1600128000,59.36
1600214400,59.65
1600300800,58.89
1600387200,59.05
1600473600,59.25
1600560000,59.55
1600646400,60.02
1600732800,59.92
1600819200,60.47
1600905600,60.06
1600992000,59.52
1601078400,59.45
1601164800,59.31
1601251200,59.27
1601337600,59.26
1601424000,59.11
1601510400,59.16
1601596800,59.6
1601683200,59.47
1601769600,59.37
1601856000,59.6
1601942400,60.08
1602028800,60.01
1602115200,60.09
1602201600,59.67
1602288000,59.93
1602374400,59.87
1602460800,59.82
1602547200,59.73
1602633600,59.68
1602720000,60.03
1602806400,60.23
1602892800,60.22
1602979200,60.14
1603065600,60.69
1603152000,61.64
1603238400,62.37
1603324800,61.84
1603411200,61.81
1603497600,61.8
1603584000,61.81
1603670400,62.32
1603756800,62.99
1603843200,62.98
1603929600,63.57
1604016000,63.89
1604102400,63.95
1604188800,63.57
1604275200,63.96
1604361600,64.89
1604448000,64.8
1604534400,66.46
1604620800,65.04
1604707200,64.78
1604793600,65.06
1604880000,64.96
1604966400,64.69
1605052800,64.99
1605139200,65.91
1605225600,65.23
1605312000,65.29
1605398400,65.55
1605484800,65.93
1605571200,66.53
1605657600,67.06
1605744000,67.08
1605830400,66.98
1605916800,64.79
1606003200,64.74
1606089600,62.36
1606176000,62.45
1606262400,63.11
1606348800,63.25
1606435200,63.02
1606521600,62.78
1606608000,62.76
1606694400,63.27
1606780800,63.38
1606867200,63.29
1606953600,63.21
1607040000,63.94
1607126400,63.55
1607212800,63.58
1607299200,63.61
1607385600,63.86
1607472000,63.48
1607558400,63.7
1607644800,64.02
1607731200,64.44
1607817600,64.22
1607904000,64.43
1607990400,64.7
1608076800,65.09
1608163200,66.44
1608249600,66.39
1608336000,66.89
1608422400,66.99
1608508800,67.33
1608595200,68.05
1608681600,70.08
1608768000,69.02
1608854400,69.56
1608940800,70.88
1609027200,70.21
1609113600,69.9
1609200000,70.17
1609286400,71.13
1609372800,70.98
1609459200,71.35
1609545600,72.56
1609632000,70.35
1609718400,68.89
1609804800,69.27
1609891200,69.08
1609977600,70.25
1610064000,70.93
1610150400,69.46
1610236800,68.72
1610323200,69.67
1610409600,69.17
1610496000,69.53
1610582400,69.27
1610668800,68.62
1610755200,67.14
1610841600,66.81
1610928000,66.93
1611014400,65.82
1611100800,65.24
1611187200,65.62
1611273600,65.33
1611360000,64.4
1611446400,63.05
1611532800,63.9
1611619200,63.57
1611705600,63.75
1611792000,64.11
1611878400,64.04
1611964800,63.39
1612051200,63.09
1612137600,62.77
1612224000,62.83
1612310400,64.31
1612396800,62.14
1612483200,61.19
1612569600,61.93
1612656000,61.92
1612742400,64.25
1612828800,63.3
1612915200,61.61
1613001600,62.37
1613088000,60.85
1613174400,60.38
1613260800,61.74
1613347200,61.75
1613433600,62.27
1613520000,62.58
1613606400,61.46
1613692800,61.95
1613779200,62.42
1613865600,62.4
1613952000,62.28
1614038400,62.62
1614124800,62.2
1614211200,62.43
1614297600,62.19
1614384000,61.48
1614470400,61.73
1614556800,61.91
1614643200,61.95
1614729600,62
1614816000,61.49
1614902400,61.58
1614988800,61
1615075200,61.11
1615161600,60.94
1615248000,60.81
1615334400,61.98
1615420800,62.34
1615507200,62.71
1615593600,62.86
1615680000,62.78
1615766400,61.92
1615852800,61.8
1615939200,61.93
1616025600,61.93
1616112000,61.49
1616198400,61.61
1616284800,61.31
1616371200,60.91
1616457600,61.05
1616544000,61.42
1616630400,60.96
1616716800,60.83
1616803200,61.06
1616889600,60.99
1616976000,60.71
1617062400,60.73
1617148800,60.19
1617235200,59.68
1617321600,58.59
1617408000,58.79
1617494400,57.85
1617580800,57.33
1617667200,56.35
1617753600,57.17
1617840000,56.53
1617926400,56.47
1618012800,56.13
1618099200,55.74
1618185600,55.24
1618272000,55.38
1618358400,54.35
1618444800,53.6
1618531200,52.72
1618617600,52.95
1618704000,52.44
1618790400,52.89
1618876800,52.13
1618963200,51.62
1619049600,51.55
1619136000,51.35
1619222400,52.22
1619308800,51.28
1619395200,51.12
1619481600,50.41
1619568000,50.05
1619654400,49.37
1619740800,50.18
1619827200,49.31
1619913600,49.01
1620000000,47.36
1620086400,46.77
1620172800,45.98
1620259200,45.46
1620345600,46.07
1620432000,45.75
1620518400,45.39
1620604800,45.62
1620691200,44.24
1620777600,42.92
1620864000,42.31
1620950400,40.72
1621036800,40.97
1621123200,40.82
1621209600,41
1621296000,40.02
1621382400,44.51
1621468800,43.34
1621555200,44.46
1621641600,46.06
1621728000,46.76
1621814400,44.33
1621900800,43.96
1621987200,42.69
1622073600,43.25
1622160000,43.79
1622246400,44.32
1622332800,43.96
1622419200,42.8
1622505600,42.66
1622592000,42.28
1622678400,42.31
1622764800,42.35
1622851200,42.03
1622937600,41.73
1623024000,41.64
1623110400,41.83
1623196800,43.53
1623283200,44.23
1623369600,45.65
1623456000,44.49
1623542400,45.45
1623628800,45.73
1623715200,45.85
1623801600,45.89
1623888000,45.6
1623974400,45.32
1624060800,45.62
1624147200,45.24
1624233600,46.94
1624320000,48.01
1624406400,47.16
1624492800,47.23
1624579200,46.9
1624665600,47.26
1624752000,47.64
1624838400,46.83
1624924800,46.84
1625011200,45.78
1625097600,46.08
1625184000,45.92
1625270400,45.92
1625356800,45.66
1625443200,45.47
1625529600,44.97
1625616000,44.72
1625702400,45.61
1625788800,45.84
1625875200,45.97
1625961600,46.17
1626048000,46.14
1626134400,46.44
1626220800,46.25
1626307200,45.97
1626393600,46.46
1626480000,46.3
1626566400,46.43
1626652800,46.51
1626739200,46.6
1626825600,46.23
1626912000,45.99
1626998400,46.13
1627084800,46.12
1627171200,46.84
1627257600,47.84
1627344000,48.5
1627430400,48.69
1627516800,48.18
1627603200,48.91
1627689600,48.02
1627776000,47.05
1627862400,46.35
1627948800,46.15
1628035200,45.87
1628121600,46.02
1628208000,46.77
1628294400,46.1
1628380800,46.69
1628467200,46.99
1628553600,46.2
1628640000,45.35
1628726400,45.26
1628812800,45.12
1628899200,44.6
1628985600,44.06
1629072000,44.19
1629158400,44.46
1629244800,44.06
1629331200,43.8
1629417600,44.29
1629504000,44.33
1629590400,44.29
1629676800,43.6
1629763200,44.01
1629849600,44.09
1629936000,44.24
1630022400,43.57
1630108800,43.55
1630195200,43.73
1630281600,42.98
1630368000,42.21
1630454400,41.32
1630540800,41.5
1630627200,41.03
1630713600,40.87
1630800000,41.03
1630886400,41.22
1630972800,41.61
1631059200,40.69
1631145600,40.49
1631232000,40.66
1631318400,40.4
1631404800,40.27
1631491200,40.7
1631577600,41.05
1631664000,40.66
1631750400,40.94
1631836800,41.37
1631923200,41.37
1632009600,41.51
1632096000,41.94
1632182400,41.99
1632268800,41.08
1632355200,41.07
1632441600,41.2
1632528000,41.37
1632614400,41.43
1632700800,41.62
1632787200,41.9
1632873600,41.63
1632960000,42.01
1633046400,42.16
1633132800,41.55
1633219200,41.45
1633305600,42.17
1633392000,42.92
1633478400,44.43
1633564800,43.8
1633651200,43.71
1633737600,43.75
1633824000,44.85
1633910400,45.54
1633996800,45.3
1634083200,45.18
1634169600,44.73
1634256000,46.29
1634342400,46.19
1634428800,46.54
1634515200,47.08
1634601600,47.41
1634688000,46.83
1634774400,45.97
1634860800,45.23
1634947200,44.8
1635033600,44.96
1635120000,45.1
1635206400,44.27
1635292800,44.95
1635379200,44.15
1635465600,44.16
1635552000,44.44
1635638400,44.11
1635724800,43.61
1635811200,43.61
1635897600,43.22
1635984000,42.92
1636070400,42.77
1636156800,42.71
1636243200,43.05
1636329600,43.93
1636416000,43.85
1636502400,43.85
1636588800,43.25
1636675200,43.23
1636761600,43.18
1636848000,43.63
1636934400,43.35
1637020800,43.76
1637107200,43.57
1637193600,43.69
1637280000,42.67
1637366400,42.78
1637452800,42.88
1637539200,42.62
1637625600,42.33
1637712000,42.65
1637798400,42.25
1637884800,42.32
1637971200,42.39
1638057600,42.81
1638144000,42.37
1638230400,41.62
1638316800,41.67
1638403200,41.63
1638489600,41.6
1638576000,40.74
1638662400,41.15
1638748800,40.97
1638835200,41.09
1638921600,40.36
1639008000,40.56
1639094400,41.39
1639180800,41.41
1639267200,41.55
1639353600,41.9
1639440000,41.89
1639526400,41.22
1639612800,41.01
1639699200,40.67
1639785600,40.36
1639872000,40.36
1639958400,40.42
1640044800,40.68
1640131200,40.5
1640217600,40.35
1640304000,40.54
1640390400,40.03
1640476800,40.08
1640563200,40.02
1640649600,40
1640736000,40.13
1640822400,40.18
1640908800,40
1640995200,40.14
1641081600,39.85
1641168000,39.64
1641254400,39.42
1641340800,39.68
1641427200,39.68
1641513600,40.14
1641600000,40.64
1641686400,40.34
1641772800,40.91
1641859200,40.37
1641945600,39.96
1642032000,39.91
1642118400,39.65
1642204800,39.5
1642291200,39.36
1642377600,39.89
1642464000,40.22
1642550400,40.39
1642636800,40.51
1642723200,40.99
1642809600,41.5
1642896000,41.06
1642982400,42.16
1643068800,42.08
1643155200,42.19
1643241600,42.65
1643328000,42.47
1643414400,42.32
1643500800,42.38
1643587200,42.2
1643673600,42.2
1643760000,41.5
1643846400,41.51
1643932800,42.31
1644019200,41.86
1644105600,41.99
1644192000,41.88
1644278400,42.26
1644364800,41.87
1644451200,42.38
1644537600,42.8
1644624000,42.67
1644710400,43.01
1644796800,42.98
1644883200,42.58
1644969600,42.49
1645056000,42.13
1645142400,42.39
1645228800,42.42
1645315200,42.48
1645401600,42.56
1645488000,42.7
1645574400,42.45
1645660800,43.2
1645747200,42.49
1645833600,42.31
1645920000,42.58
1646006400,43.62
1646092800,44.04
1646179200,43.98
1646265600,43.76
1646352000,43.24
1646438400,43
1646524800,43.28
1646611200,43.39
1646697600,43.37
1646784000,44.01
1646870400,43.32
1646956800,43.32
1647043200,43.31
1647129600,43.18
1647216000,43.79
1647302400,43.53
1647388800,43.56
1647475200,43.3
1647561600,43.16
1647648000,43.03
1647734400,43.05
1647820800,42.57
1647907200,42.85
1647993600,42.59
1648080000,42.66
1648166400,43.01
1648252800,42.7
1648339200,42.98
1648425600,43.09
1648512000,42.77
1648598400,42.4
1648684800,42.22
1648771200,41.83
1648857600,41.6
1648944000,41.44
1649030400,41.74
1649116800,41.62
1649203200,42.09
1649289600,41.7
1649376000,41.72
1649462400,41.57
1649548800,41.68
1649635200,41.76
1649721600,41.56
1649808000,41.64
1649894400,41.51
1649980800,41.57
1650067200,41.39
1650153600,41.57
1650240000,41.72
1650326400,41.7
1650412800,41.81
1650499200,41.92
1650585600,41.54
1650672000,41.6
1650758400,41.75
1650844800,41.91
1650931200,41.88
1651017600,42.06
1651104000,42.18
1651190400,42.28
1651276800,42.76
1651363200,42.58
1651449600,42.56
1651536000,42.39
1651622400,42.17
1651708800,41.81
1651795200,41.69
1651881600,41.91
1651968000,41.61
1652054400,41.98
1652140800,41.83
1652227200,43.58
1652313600,44.44
1652400000,44.38
1652486400,44.62
1652572800,44.63
1652659200,44.85
1652745600,44.55
1652832000,44.91
1652918400,45.34
1653004800,44.98
1653091200,44.88
1653177600,45.06
1653264000,44.8
1653350400,45.04
1653436800,45.24
1653523200,46.47
1653609600,46.55
1653696000,46.21
1653782400,46.39
1653868800,46.48
1653955200,46.79
1654041600,46.61
1654128000,46.76
1654214400,46.89
1654300800,46.79
1654387200,46.91
1654473600,47.52
1654560000,47.74
1654646400,47.26
1654732800,47.15
1654819200,47.53
1654905600,48.36
1654992000,48.03
1655078400,46.33
1655164800,45.79
1655251200,45.37
1655337600,45.12
1655424000,44.78
1655510400,44.13
1655596800,44.46
1655683200,44.23
1655769600,44.12
1655856000,44.17
1655942400,44.25
1656028800,43.35
1656115200,43.36
1656201600,43.55
1656288000,43.31
1656374400,43.6
1656460800,43.81
1656547200,43.95
1656633600,43.38
1656720000,43.24
1656806400,43.26
1656892800,43.41
1656979200,43.62
1657065600,43.5
1657152000,44.08
1657238400,44.33
1657324800,44.1
1657411200,43.94
1657497600,43.9
1657584000,43.79
1657670400,43.9
1657756800,43.51
1657843200,43.49
1657929600,42.79
1658016000,42.63
1658102400,42.27
1658188800,43.19
1658275200,43.47
1658361600,42.93
1658448000,42.86
1658534400,42.45
1658620800,42.29
1658707200,42.56
1658793600,42.44
1658880000,42.58
1658966400,42.59
1659052800,42.08
1659139200,42.21
1659225600,42.01
1659312000,42.34
1659398400,42.23
1659484800,41.93
1659571200,41.55
1659657600,41.27
1659744000,41.38
1659830400,41.41
1659916800,41.39
1660003200,41.37
1660089600,40.89
1660176000,40.88
1660262400,40.93
1660348800,40.64
1660435200,40.76
1660521600,41.13
1660608000,40.73
1660694400,40.93
1660780800,41.05
1660867200,40.64
1660953600,41.1
1661040000,41.08
1661126400,40.91
1661212800,40.73
1661299200,40.44
1661385600,40.42
1661472000,40.65
1661558400,40.53
1661644800,40.52
1661731200,40.28
1661817600,40.01
1661904000,40.17
1661990400,39.94
1662076800,39.89
1662163200,39.81
1662249600,39.75
1662336000,39.28
1662422400,39.31
1662508800,39.11
1662595200,39.01
1662681600,40.48
1662768000,40.42
1662854400,40.7
1662940800,41.55
1663027200,40.52
1663113600,40.11
1663200000,40.71
1663286400,40.9
1663372800,40.82
1663459200,41.45
1663545600,41.17
1663632000,40.79
1663718400,40.9
1663804800,41
1663891200,40.71
1663977600,40.48
1664064000,40.58
1664150400,40.8
1664236800,40.82
1664323200,41.14
1664409600,41.2
1664496000,41.11
1664582400,41.2
1664668800,41.29
1664755200,41.54
1664841600,41.88
1664928000,41.76
1665014400,41.64
1665100800,41.25
1665187200,41.31
1665273600,41.18
1665360000,41.35
1665446400,41.47
1665532800,41.51
1665619200,41.9
1665705600,41.68
1665792000,41.74
1665878400,41.73
1665964800,41.75
1666051200,41.76
1666137600,41.95
1666224000,41.98
1666310400,41.95
1666396800,41.86
1666483200,41.8
1666569600,41.76
1666656000,41.53
1666742400,41.55
1666828800,41.42
1666915200,41.2
1667001600,40.71
1667088000,40.72
1667174400,40.48
1667260800,40.43
1667347200,40.65
1667433600,40.57
1667520000,40.22
1667606400,40.48
1667692800,40.89
1667779200,40.51
1667865600,40.63
1667952000,40.44
1668038400,40.06
1668124800,39.83
1668211200,40.12
1668297600,40.03
1668384000,40.18
1668470400,40.38
1668556800,40.48
1668643200,40.73
1668729600,40.56
1668816000,40.51
1668902400,40.88
1668988800,40.63
1669075200,40.75
1669161600,40.46
1669248000,40.26
1669334400,40.2
1669420800,39.98
1669507200,39.96
1669593600,40.14
1669680000,40.01
1669766400,40.2
1669852800,40.25
1669939200,40.18
1670025600,40.48
1670112000,40.39
1670198400,40.37
1670284800,40.49
1670371200,40.66
1670457600,40.68
1670544000,40.68
1670630400,40.63
1670716800,40.8
1670803200,41
1670889600,41.32
1670976000,41.54
1671062400,41.45
1671148800,42.1
1671235200,41.96
1671321600,41.91
1671408000,42.03
1671494400,42.02
1671580800,42.09
1671667200,41.98
1671753600,41.93
1671840000,42.01
1671926400,42.06
1672012800,42.01
1672099200,41.87
1672185600,42.1
1672272000,42.21
1672358400,42.18
1672444800,42.07
1672531200,42.12
1672617600,41.91
1672704000,41.89
1672790400,41.56
1672876800,41.68
1672963200,41.57
1673049600,41.62
1673136000,41.33
1673222400,41.02
1673308800,41.16
1673395200,41.23
1673481600,42.05
1673568000,42.81
1673654400,42.97
1673740800,42.86
1673827200,43.13
1673913600,43.16
1674000000,43.43
1674086400,43.4
1674172800,43.91
1674259200,44.39
1674345600,44.16
1674432000,44.15
1674518400,44.65
1674604800,44.38
1674691200,44.29
1674777600,44.21
1674864000,44.42
1674950400,44.39
1675036800,44.4
1675123200,44.39
1675209600,44.39
1675296000,44.11
1675382400,43.61
1675468800,43.44
1675555200,43.54
1675641600,43.57
1675728000,43.25
1675814400,43.22
1675900800,43.38
1675987200,43.36
1676073600,43.29
1676160000,43.41
1676246400,43.75
1676332800,43.6
1676419200,44.22
1676505600,44.22
1676592000,44.41
1676678400,44.41
1676764800,44.05
1676851200,44.25
1676937600,44.32
1677024000,44.24
1677110400,44.04
1677196800,43.87
1677283200,44.01
1677369600,43.95
1677456000,43.96
1677542400,43.98
1677628800,43.86
1677715200,43.92
1677801600,43.61
1677888000,43.8
1677974400,43.79
1678060800,43.79
1678147200,43.71
1678233600,43.74
1678320000,43.19
1678406400,42.99
1678492800,43.33
1678579200,43.67
1678665600,44.92
1678752000,45.04
1678838400,45.52
1678924800,45.8
1679011200,46.77
1679097600,46.8
1679184000,47.48
1679270400,47.79
1679356800,47.2
1679443200,47.14
1679529600,47.33
1679616000,47.39
1679702400,47.6
1679788800,47.63
1679875200,47.63
1679961600,47.2
1680048000,47.67
1680134400,47.47
1680220800,47.72
1680307200,47.81
1680393600,47.76
1680480000,47.35
1680566400,47.29
1680652800,46.99
1680739200,47.4
1680825600,47.25
1680912000,47.42
1680998400,47.62
1681084800,48.32
1681171200,48.84
1681257600,48.48
1681344000,48.17
1681430400,47.64
1681516800,47.48
1681603200,47.18
1681689600,46.94
1681776000,47.36
1681862400,47.58
1681948800,47.27
1682035200,47.25
1682121600,47.34
1682208000,47.31
1682294400,47.41
1682380800,47.77
1682467200,48.09
1682553600,48.66
1682640000,48.63
1682726400,48.5
1682812800,48.68
1682899200,48.11
1682985600,48.38
1683072000,48.38
1683158400,48.52
1683244800,48.33
1683331200,48.58
1683417600,48.41
1683504000,48.33
1683590400,48.21
1683676800,48.01
1683763200,48.02
1683849600,47.6
1683936000,47.74
1684022400,47.82
1684108800,47.88
1684195200,47.88
1684281600,48.16
1684368000,47.83
1684454400,47.77
1684540800,47.88
1684627200,47.88
1684713600,47.86
1684800000,47.91
1684886400,47.68
1684972800,47.81
1685059200,47.81
1685145600,47.89
1685232000,48.33
1685318400,48.18
1685404800,47.99
1685491200,47.89
1685577600,47.62
1685664000,47.54
1685750400,47.47
1685836800,47.52
1685923200,47.31
1686009600,48.12
1686096000,48.06
1686182400,48.08
1686268800,48.23
1686355200,49.06
1686441600,49.15
1686528000,49.19
1686614400,49.11
1686700800,49.14
1686787200,49.49
1686873600,49.75
1686960000,49.7
1687046400,49.66
1687132800,49.98
1687219200,50.75
1687305600,51.35
1687392000,51.43
1687478400,51.71
1687564800,51.81
1687651200,51.51
1687737600,51.71
1687824000,51.79
1687910400,52.03
1687996800,52.02
1688083200,51.18
1688169600,51.19
1688256000,51.1
1688342400,51.36
1688428800,51.27
1688515200,51.37
1688601600,51.5
1688688000,51.56
1688774400,51.54
1688860800,51.5
1688947200,51.47
1689033600,51.6
1689120000,51.48
1689206400,50.14
1689292800,50.04
1689379200,50.01
1689465600,50.11
1689552000,50.08
1689638400,50
1689724800,49.91
1689811200,49.8
1689897600,49.86
1689984000,50.11
1690070400,50.15
1690156800,49.92
1690243200,49.88
1690329600,49.81
1690416000,49.75
1690502400,49.7
1690588800,49.64
1690675200,49.73
1690761600,49.81
1690848000,50.08
1690934400,50.02
1691020800,50.32
1691107200,50.38
1691193600,50.27
1691280000,50.33
1691366400,50.46
1691452800,50.64
1691539200,50.46
1691625600,50.44
1691712000,50.45
1691798400,50.45
1691884800,50.22
1691971200,50.25
1692057600,50.45
1692144000,50.36
1692230400,49.84
1692316800,49.22
1692403200,49.09
1692489600,49
1692576000,49.16
1692662400,49.36
1692748800,49.21
1692835200,49.2
1692921600,49.16
1693008000,49.18
1693094400,49.14
1693180800,49.18
1693267200,49.86
1693353600,49.8
1693440000,49.18
1693526400,49.22
1693612800,49.23
1693699200,49.33
1693785600,49.19
1693872000,49.14
1693958400,49.12
1694044800,49.44
1694131200,49.26
1694217600,49.27
1694304000,49.52
1694390400,49.56
1694476800,49.83
1694563200,50
1694649600,50.06
1694736000,49.87
1694822400,49.8
1694908800,49.98
1694995200,49.97
1695081600,50.19
1695168000,50.28
1695254400,50.19
1695340800,50.1
1695427200,50.1
1695513600,50.01
1695600000,49.93
1695686400,49.87
1695772800,49.97
1695859200,50.06
1695945600,49.81
1696032000,49.82
1696118400,50.12
1696204800,50.33
1696291200,50.27
1696377600,50.68
1696464000,50.66
1696550400,50.79
1696636800,50.91
1696723200,50.93
1696809600,51.26
1696896000,51.16
1696982400,50.79
1697068800,50.96
1697155200,50.9
1697241600,50.82
1697328000,51.03
1697414400,51.81
1697500800,52.05
1697587200,52.06
1697673600,52.23
1697760000,52.62
1697846400,52.39
1697932800,52.11
1698019200,53.45
1698105600,54.01
1698192000,54.32
1698278400,53.95
1698364800,54
1698451200,54.05
1698537600,54.09
1698624000,53.79
1698710400,53.83
1698796800,53.94
1698883200,53.89
1698969600,53.53
1699056000,53.44
1699142400,52.92
1699228800,52.41
1699315200,52.97
1699401600,52.86
1699488000,52.42
1699574400,52.55
1699660800,52.46
1699747200,52.34
1699833600,52.29
1699920000,52.04
1700006400,52.55
1700092800,52.32
1700179200,52.54
1700265600,52.55
1700352000,52.6
1700438400,52.83
1700524800,52.92
1700611200,52.69
1700697600,52.61
1700784000,52.69
1700870400,52.52
1700956800,52.53
1701043200,52.82
1701129600,53.05
1701216000,53.28
1701302400,53.03
1701388800,53.31
1701475200,53.17
1701561600,53.38
1701648000,54.17
1701734400,55.04
1701820800,55.12
1701907200,54.06
1701993600,53.94
1702080000,53.78
1702166400,53.47
1702252800,53.08
1702339200,53.12
1702425600,53.37
1702512000,53.02
1702598400,53.22
1702684800,53.08
1702771200,53.04
1702857600,53.51
1702944000,53.59
1703030400,53.94
1703116800,53.15
1703203200,52.74
1703289600,52.44
1703376000,52.22
1703462400,52.07
1703548800,51.74
1703635200,51.48
1703721600,51.34
1703808000,51.28
1703894400,51.38
1703980800,51.59
1704067200,51.92
1704153600,52.51
1704240000,52.65
1704326400,52.77
1704412800,53.15
1704499200,53.53
1704585600,53.95
1704672000,54.52
1704758400,54.24
1704844800,52.91
1704931200,52.5
1705017600,51.44
1705104000,51.03
1705190400,51.05
1705276800,51.13
1705363200,51.08
1705449600,51.17
1705536000,51.01
1705622400,51.14
1705708800,51.14
1705795200,51.24
1705881600,51.18
1705968000,51.77
1706054400,51.74
1706140800,51.88
1706227200,52.31
1706313600,52.38
1706400000,52.4
1706486400,52.51
1706572800,52.38
1706659200,52.73
1706745600,52.77
1706832000,52.65
1706918400,52.65
1707004800,52.58
1707091200,52.56
1707177600,52.5
1707264000,52.72
1707350400,53.1
1707436800,53.49
1707523200,53.67
1707609600,53.94
1707696000,53.86
1707782400,53.9
1707868800,54.03
1707955200,53.72
1708041600,53.91
1708128000,53.77
1708214400,53.46
1708300800,52.91
1708387200,53.05
1708473600,53.16
1708560000,52.91
1708646400,52.87
1708732800,52.73
1708819200,52.35
1708905600,52.94
1708992000,53.77
1709078400,55.14
1709164800,54.66
1709251200,54.26
1709337600,53.56
1709424000,53.81
1709510400,54.93
1709596800,54.14
1709683200,53.57
1709769600,53.27
1709856000,53.55
1709942400,53.34
1710028800,53.62
1710115200,53.68
1710201600,53.67
1710288000,53.65
1710374400,53.42
1710460800,53.37
1710547200,53.34
1710633600,53.47
1710720000,53.91
1710806400,53.82
1710892800,53.88
1710979200,53.29
1711065600,53.23
1711152000,53.22
1711238400,53.54
1711324800,53.77
1711411200,53.76
1711497600,53.97
1711584000,54
1711670400,53.71
1711756800,53.77
1711843200,53.6
1711929600,54
1712016000,53.85
1712102400,54.01
1712188800,54.62
1712275200,54.58
1712361600,54.56
1712448000,54.31
1712534400,54.12
1712620800,54.23
1712707200,54.56
1712793600,54.53
1712880000,55.59
1712966400,56.31
1713052800,55.7
1713139200,55.45
1713225600,55.77
1713312000,55.37
1713398400,55.55
1713484800,55.67
1713571200,55.04
1713657600,55.16
1713744000,55.3
1713830400,55.02
1713916800,54.87
1714003200,54.92
1714089600,54.99
1714176000,54.46
1714262400,54.39
1714348800,54.88
1714435200,54.87
1714521600,53.92
1714608000,54.13
1714694400,54.77
1714780800,55.01
1714867200,54.88
1714953600,54.83
1715040000,54.96
1715126400,54.76
1715212800,54.87
1715299200,54.69
1715385600,54.7
1715472000,54.95
1715558400,55.4
1715644800,55.45
1715731200,56.04
1715817600,56.03
1715904000,55.89
1715990400,55.76
1716076800,55.95
1716163200,55.21
1716249600,54.45
1716336000,54.38
1716422400,54.03
1716508800,54.44
1716595200,54.49
1716681600,54.19
1716768000,54.05
1716854400,53.92
1716940800,53.96
1717027200,54.52
1717113600,54.24
1717200000,54.1
1717286400,54.27
1717372800,54.54
1717459200,54.57
1717545600,54.47
1717632000,54.59
1717718400,55.03
1717804800,55.26
1717891200,55.2
1717977600,55.57
1718064000,55.76
1718150400,55.46
1718236800,55.66
1718323200,55.54
1718409600,55.23
1718496000,55.08
1718582400,55.85
1718668800,55.76
1718755200,55.31
1718841600,55.46
1718928000,55.18
1719014400,55.3
1719100800,55.35
1719187200,54.34
1719273600,54.72
1719360000,54.53
1719446400,54.28
1719532800,54.33
1719619200,54.58
1719705600,54.81
1719792000,54.89
1719878400,54.43
1719964800,54.64
1720051200,55.01
1720137600,55.15
1720224000,54.85
1720310400,55.07
1720396800,54.73
1720483200,54.94
1720569600,54.61
1720656000,54.56
1720742400,54.42
1720828800,54.62
1720915200,54.8
1721001600,54.95
1721088000,55.15
1721174400,55.06
1721260800,54.99
1721347200,55.38
1721433600,55.36
1721520000,55.39
1721606400,55.81
1721692800,55.34
1721779200,55.63
1721865600,56.51
1721952000,56.54
1722038400,56.63
1722124800,56.76
1722211200,56.17
1722297600,56.13
1722384000,55.96
1722470400,56.46
1722556800,56.44
1722643200,56.8
1722729600,57.01
1722816000,57.02
1722902400,57.03
1722988800,57.11
1723075200,57.53
1723161600,57.71
1723248000,57.62
1723334400,57.55
1723420800,56.82
1723507200,57.28
1723593600,56.76
1723680000,56.81
1723766400,57.31
1723852800,57.27
1723939200,56.91
1724025600,56.93
1724112000,56.85
1724198400,57.3
1724284800,56.85
1724371200,57.26
1724457600,57.2
1724544000,57.48
1724630400,57.59
1724716800,57.49
1724803200,57.16
1724889600,57.37
1724976000,57.3
1725062400,57.4
1725148800,57.49
1725235200,57.46
1725321600,57.6
1725408000,57.58
1725494400,57.38
1725580800,57.21
1725667200,56.93
1725753600,56.92
1725840000,57.23
1725926400,57.27
1726012800,57.38
1726099200,57.34
1726185600,57.79
1726272000,57.71
1726358400,58.01
1726444800,57.88
1726531200,58.41
1726617600,58.59
1726704000,58.41
1726790400,58.03
1726876800,57.62
1726963200,58
1727049600,57.48
1727136000,57.53
1727222400,57.55
1727308800,57.68
1727395200,57.43
1727481600,57.59
1727568000,57.53
1727654400,57.38
1727740800,57.5
1727827200,58.02
1727913600,58.21
1728000000,58.09
1728086400,58.13
1728172800,58.08
1728259200,58.06
1728345600,58.02
1728432000,57.87
1728518400,57.68
1728604800,57.98
1728691200,57.97
1728777600,57.93
1728864000,58.11
1728950400,58.67
1729036800,58.86
1729123200,58.99
1729209600,58.96
1729296000,58.85
1729382400,58.47
1729468800,58.36
1729555200,58.57
1729641600,58.75
1729728000,59.04
1729814400,59.58
1729900800,59.32
1729987200,59.36
1730073600,59.66
1730160000,60.07
1730246400,60.08
1730332800,60.24
1730419200,60.12
1730505600,60.26
1730592000,60.47
1730678400,60.56
1730764800,60.56
1730851200,60.56
1730937600,59.85
1731024000,59.67
1731110400,58.75
1731196800,59
1731283200,59.91
1731369600,60.29
1731456000,61.06
1731542400,60.81
1731628800,60.94
1731715200,60.14
1731801600,60.14
1731888000,59.57
1731974400,60.36
1732060800,61.18
1732147200,60.73
1732233600,60.13
1732320000,59.16
1732406400,59.21
1732492800,58.51
1732579200,58.58
1732665600,58.19
1732752000,58.2
1732838400,57.97
1732924800,57.24
1733011200,56.8
1733097600,55.97
1733184000,55.5
1733270400,55.8
1733356800,55.65
1733443200,55.33
1733529600,55.11
1733616000,55.36
1733702400,56.93
1733788800,56.94
1733875200,56.86
1733961600,56.4
1734048000,56.5
1734134400,56.94
1734220800,57.18
1734307200,57.7
1734393600,57.97
1734480000,58.26
1734566400,58.88
1734652800,58.48
1734739200,59.16
1734825600,58.88
1734912000,57.77
1734998400,58.05
1735084800,58.36
1735171200,58.46
1735257600,58.09
1735344000,57.79
1735430400,58.03
1735516800,57.81
1735603200,58.08
1735689600,57.59
1735776000,57.66
1735862400,56.93
1735948800,56.84
1736035200,57.02
1736121600,57.67
1736208000,58.09
1736294400,57.9
1736380800,58.03
1736467200,58.14
1736553600,57.72
1736640000,57.98
1736726400,58.51
1736812800,58.35
1736899200,57.6
1736985600,57.7
1737072000,57.7
1737158400,58.18
1737244800,58.64
1737331200,58.57
1737417600,58.85
1737504000,58.54
1737590400,58.58
1737676800,58.97
1737763200,58.82
1737849600,58.98
1737936000,59.07
1738022400,59.58
1738108800,59.84
1738195200,59.28
1738281600,58.79
1738368000,59.67
1738454400,60.76
1738540800,61.05
1738627200,61.37
1738713600,61.36
1738800000,61.91
1738886400,61.92
1738972800,61.58
1739059200,61.66
1739145600,61.57
1739232000,61.27
1739318400,61
1739404800,60.97
1739491200,60.65
1739577600,60.84
1739664000,60.73
1739750400,60.66
1739836800,61.28
1739923200,61.08
1740009600,61.23
1740096000,61.37
1740182400,60.95
1740268800,60.86
1740355200,61.9
1740441600,61.03
1740528000,60.58
1740614400,60.76
1740700800,60.9
1740787200,61.24
1740873600,60.41
1740960000,61.49
1741046400,61.27
1741132800,61.58
1741219200,61.56
1741305600,61.38
1741392000,61.25
1741478400,61.28
1741564800,61.8
1741651200,62.23
1741737600,62.12
1741824000,61.66
1741910400,61.86
1741996800,61.56
1742083200,61.76
1742169600,61.68
1742256000,61.46
1742342400,61.58
1742428800,61.42
1742515200,61.55
1742601600,61.41
1742688000,61.77
1742774400,61.57
1742860800,61.48
1742947200,61.78
1743033600,61.76
1743120000,61.99
1743206400,62.19
1743292800,62.21
1743379200,62.31
1743465600,62.51
1743552000,62.78
1743638400,62.81
1743724800,62.8
1743811200,62.82
1743897600,63.32
1743984000,63.52
1744070400,63.35
1744156800,63.26
1744243200,63.23
1744329600,63.72
1744416000,63.36
1744502400,63.55
1744588800,63.7
1744675200,63.84
1744761600,63.94
1744848000,64.03
1744934400,63.86
1745020800,63.7
1745107200,63.86
1745193600,64.45
1745280000,64.57
1745366400,64.41
1745452800,64.41
1745539200,64.51
1745625600,64.31
1745712000,64.27
1745798400,64.39
1745884800,64.43
1745971200,64.5
1746057600,64.75
1746144000,64.84
1746230400,64.86
1746316800,64.78
1746403200,64.83
1746489600,65.27
1746576000,65.36
1746662400,64.46
1746748800,63.64
1746835200,62.74
1746921600,63.15
1747008000,62.62
1747094400,62.18
1747180800,62.58
1747267200,63.3
1747353600,63.34
1747440000,63.63
1747526400,63.85
1747612800,63.89
1747699200,64.11
1747785600,64.29
1747872000,64.01
1747958400,64.11
1748044800,64.07
1748131200,64.21
1748217600,64.34
1748304000,63.9
1748390400,63.75
1748476800,63.71
1748563200,64.33
1748649600,64.39
1748736000,64.48
1748822400,64.26
1748908800,64.16
1748995200,64.17
1749081600,64.56
1749168000,64.71
1749254400,64.62
1749340800,64.57
1749427200,64.64
1749513600,64.08
1749600000,64.12
1749686400,64.32
1749772800,64.71
1749859200,64.87
1749945600,64.7
1750032000,64.9
1750118400,64.82
1750204800,64.85
1750291200,64.83
1750377600,65.14
1750464000,65.5
1750550400,65.72
1750636800,65.35
1750723200,65.28
1750809600,65.72
1750896000,65.91
1750982400,65.75
1751068800,65.53
1751155200,65.36
1751241600,65.21
1751328000,65.5
1751414400,65.27
1751500800,65.27
1751587200,65.47
1751673600,65.46
1751760000,65.3
1751846400,65.28
1751932800,65.07
1752019200,64.76
1752105600,64.68
1752192000,64.61
1752278400,64.67
1752364800,64.61
1752451200,64.51
1752537600,63.75
1752624000,63.04
1752710400,62.25
1752796800,61.86
1752883200,61.63
1752969600,60.86
1753056000,60.57
1753142400,60.91
1753228800,61.87
1753315200,61.82
1753401600,61.42
1753488000,61.35
1753574400,61.04
1753660800,61.4
1753747200,61.47
1753833600,61.6
1753920000,61.73
1754006400,62.05
1754092800,62.52
1754179200,62.17
1754265600,61.43
1754352000,61.85
1754438400,61.68
1754524800,61.01
1754611200,60.54
1754697600,59.88
1754784000,60.49
1754870400,60.73
1754956800,59.69
1755043200,59.66
1755129600,59.61
1755216000,59.72
1755302400,59.64
1755388800,59.41
1755475200,59.76
1755561600,60.09
1755648000,59.34
1755734400,59.53
1755820800,58.37
1755907200,58.24
1755993600,57.94
1756080000,58.78
1756166400,58.2
1756252800,58.3
1756339200,58.27
1756425600,58.11
1756512000,58.14
1756598400,58.1
1756684800,58.64
1756771200,58.57
1756857600,58.36
1756944000,58.77
1757030400,58.6
1757116800,58.61
1757203200,58.47
1757289600,58.34
1757376000,58.16
1757462400,58.36
1757548800,58.27
1757635200,57.58
1757721600,57.52
1757808000,57.79
1757894400,58.14
1757980800,58.28
1758067200,57.68
1758153600,57.75
1758240000,58.02
1758326400,57.88
1758412800,57.97
1758499200,58.51
1758585600,58.5
1758672000,58.66
1758758400,59.08
1758844800,58.53
1758931200,58.68
1759017600,58.81
1759104000,59.04
1759190400,59.07
1759276800,58.74
1759363200,58.84
1759449600,59.19
1759536000,59.31
1759622400,58.91
1759708800,59
1759795200,59.01
1759881600,59.34
1759968000,60.73
1760054400,60.49
1760140800,59.48
1760227200,59.02
1760313600,59.29
1760400000,59.54
1760486400,59.54
1760572800,59.64
1760659200,59.44
1760745600,59.57
1760832000,59.64
1760918400,59.72
1761004800,59.87
1761091200,59.93
1761177600,59.81
1761264000,59.77
1761350400,59.64
1761436800,59.72
1761523200,59.99
1761609600,59.54
1761696000,59.89
1761782400,59.89
1761868800,59.86
1761955200,59.9
1762041600,60.75
1762128000,60.63
