time,M2
1396310400,63.16
1396396800,63.08
1396483200,63
1396569600,63.06
1396656000,63.06
1396742400,63.06
1396828800,63.15
1396915200,63.41
1397001600,63.47
1397088000,63.5
1397174400,63.43
1397260800,63.43
1397347200,63.43
1397433600,63.31
1397520000,63.28
1397606400,63.29
1397692800,63.27
1397779200,63.24
1397865600,63.24
1397952000,63.24
1398038400,63.21
1398124800,63.2
1398211200,63.2
1398297600,63.21
1398384000,63.18
1398470400,63.18
1398556800,63.18
1398643200,63.21
1398729600,63.15
1398816000,63.57
1398902400,63.56
1398988800,63.57
1399075200,63.57
1399161600,63.57
1399248000,63.64
1399334400,63.84
1399420800,63.78
1399507200,63.75
1399593600,63.62
1399680000,63.62
1399766400,63.62
1399852800,63.59
1399939200,63.53
1400025600,63.57
1400112000,63.59
1400198400,63.58
1400284800,63.58
1400371200,63.58
1400457600,63.61
1400544000,63.61
1400630400,63.63
1400716800,63.56
1400803200,63.49
1400889600,63.49
1400976000,63.49
1401062400,63.52
1401148800,63.43
1401235200,63.44
1401321600,63.47
1401408000,63.63
1401494400,63.79
1401580800,63.79
1401667200,63.7
1401753600,63.69
1401840000,63.63
1401926400,63.76
1402012800,63.74
1402099200,63.74
1402185600,63.74
1402272000,63.75
1402358400,63.72
1402444800,63.76
1402531200,63.88
1402617600,63.85
1402704000,63.85
1402790400,63.85
1402876800,63.86
1402963200,63.77
1403049600,63.86
1403136000,63.9
1403222400,63.85
1403308800,63.85
1403395200,63.85
1403481600,63.92
1403568000,63.89
1403654400,63.94
1403740800,63.95
1403827200,64.06
1403913600,64.06
1404000000,64.06
1404086400,64.76
1404172800,64.76
1404259200,64.68
1404345600,64.59
1404432000,64.56
1404518400,64.56
1404604800,64.56
1404691200,64.61
1404777600,64.66
1404864000,64.72
1404950400,64.7
1405036800,64.65
1405123200,64.65
1405209600,64.65
1405296000,64.66
1405382400,64.58
1405468800,64.54
1405555200,64.54
1405641600,64.51
1405728000,64.51
1405814400,64.51
1405900800,64.51
1405987200,64.5
1406073600,64.49
1406160000,64.48
1406246400,64.42
1406332800,64.42
1406419200,64.42
1406505600,64.45
1406592000,64.39
1406678400,64.33
1406764800,64.2
1406851200,64.2
1406937600,64.2
1407024000,64.2
1407110400,64.21
1407196800,64.18
1407283200,64.24
1407369600,64.21
1407456000,64.26
1407542400,64.26
1407628800,64.26
1407715200,64.25
1407801600,64.23
1407888000,64.2
1407974400,64.23
1408060800,64.26
1408147200,64.26
1408233600,64.26
1408320000,64.25
1408406400,64.14
1408492800,64.01
1408579200,64
1408665600,63.92
1408752000,63.92
1408838400,63.92
1408924800,63.84
1409011200,63.86
1409097600,63.95
1409184000,63.92
1409270400,63.88
1409356800,63.88
1409443200,64
1409529600,63.99
1409616000,63.86
1409702400,63.98
1409788800,63.7
1409875200,63.68
1409961600,63.68
1410048000,63.68
1410134400,63.52
1410220800,63.52
1410307200,63.49
1410393600,63.47
1410480000,63.41
1410566400,63.41
1410652800,63.41
1410739200,63.38
1410825600,63.42
1410912000,63.21
1410998400,63.27
1411084800,63.11
1411171200,63.11
1411257600,63.11
1411344000,63.15
1411430400,63.14
1411516800,63.09
1411603200,63.03
1411689600,62.9
1411776000,62.9
1411862400,62.9
1411948800,62.81
1412035200,63
1412121600,63.02
1412208000,63.12
1412294400,62.76
1412380800,62.76
1412467200,62.76
1412553600,63.08
1412640000,63.14
1412726400,63.25
1412812800,63.23
1412899200,63.11
1412985600,63.11
1413072000,63.11
1413158400,63.36
1413244800,63.18
1413331200,63.47
1413417600,63.43
1413504000,63.32
1413590400,63.32
1413676800,63.32
1413763200,63.4
1413849600,63.29
1413936000,63.2
1414022400,63.09
1414108800,63.13
1414195200,63.13
1414281600,63.13
1414368000,63.19
1414454400,63.26
1414540800,63.07
1414627200,63.06
1414713600,62.71
1414800000,62.71
1414886400,62.71
1414972800,62.52
1415059200,62.63
1415145600,62.46
1415232000,62.24
1415318400,62.34
1415404800,62.34
1415491200,62.34
1415577600,62.32
1415664000,62.29
1415750400,62.28
1415836800,62.24
1415923200,62.21
1416009600,62.21
1416096000,62.21
1416182400,62.13
1416268800,62.22
1416355200,62.18
1416441600,62.16
1416528000,62.05
1416614400,62.05
1416700800,62.05
1416787200,62.02
1416873600,62.08
1416960000,62.13
1417046400,62.03
1417132800,61.87
1417219200,61.87
1417305600,62.27
1417392000,62.29
1417478400,62.09
1417564800,61.99
1417651200,62.05
1417737600,61.81
1417824000,61.81
1417910400,61.81
1417996800,61.81
1418083200,61.89
1418169600,62.11
1418256000,61.93
1418342400,61.95
1418428800,61.95
1418515200,61.95
1418601600,61.86
1418688000,62.02
1418774400,61.71
1418860800,61.63
1418947200,61.51
1419033600,61.51
1419120000,61.51
1419206400,61.51
1419292800,61.35
1419379200,61.42
1419465600,61.47
1419552000,61.43
1419638400,61.43
1419724800,61.43
1419811200,61.31
1419897600,61.5
1419984000,62.09
1420070400,62.11
1420156800,61.85
1420243200,61.85
1420329600,61.85
1420416000,61.74
1420761600,61.76
1420848000,61.76
1420934400,61.76
1421020800,61.77
1421107200,61.73
1421193600,61.82
1421280000,61.95
1421366400,61.7
1421452800,61.7
1421539200,61.7
1421625600,61.65
1421712000,61.55
1421798400,61.67
1421884800,61.39
1421971200,61.2
1422057600,61.2
1422144000,61.2
1422230400,61.06
1422316800,61.31
1422403200,61.19
1422489600,61.08
1422576000,61.03
1422662400,61.44
1422748800,61.44
1422835200,61.49
1422921600,61.72
1423008000,61.58
1423094400,61.75
1423180800,61.45
1423267200,61.45
1423353600,61.45
1423440000,61.48
1423526400,61.43
1423612800,61.34
1423699200,61.56
1423785600,61.59
1423872000,61.59
1423958400,61.59
1424044800,61.56
1424131200,61.54
1424217600,61.57
1424304000,61.49
1424390400,61.49
1424476800,61.49
1424563200,61.49
1424649600,61.44
1424736000,61.47
1424822400,61.52
1424908800,61.28
1424995200,61.27
1425081600,61.64
1425168000,61.64
1425254400,61.52
1425340800,61.51
1425427200,61.39
1425513600,61.29
1425600000,60.98
1425686400,60.98
1425772800,60.98
1425859200,60.98
1425945600,60.77
1426032000,60.57
1426118400,60.69
1426204800,60.45
1426291200,60.45
1426377600,60.45
1426464000,60.54
1426550400,60.61
1426636800,61.14
1426723200,60.91
1426809600,61.19
1426896000,61.19
1426982400,61.19
1427068800,61.37
1427155200,61.38
1427241600,61.39
1427328000,61.32
1427414400,61.3
1427500800,61.3
1427587200,61.3
1427673600,61.19
1427760000,61.6
1427846400,61.69
1427932800,61.85
1428019200,62.26
1428105600,62.26
1428192000,62.26
1428278400,61.96
1428364800,61.76
1428451200,61.77
1428537600,61.57
1428624000,61.46
1428710400,61.46
1428796800,61.46
1428883200,61.41
1428969600,61.63
1429056000,61.75
1429142400,61.93
1429228800,61.93
1429315200,61.93
1429401600,61.93
1429488000,61.8
1429574400,61.77
1429660800,61.8
1429747200,61.96
1429833600,62.09
1429920000,62.09
1430006400,62.09
1430092800,62.07
1430179200,62.26
1430265600,62.46
1430352000,62.78
1430438400,62.63
1430524800,62.63
1430611200,62.63
1430697600,62.54
1430784000,62.66
1430870400,62.89
1430956800,62.78
1431043200,62.74
1431129600,62.74
1431216000,62.74
1431302400,62.66
1431388800,62.79
1431475200,63.04
1431561600,63.14
1431648000,63.14
1431734400,63.14
1431820800,63.14
1431907200,62.94
1431993600,62.67
1432080000,62.58
1432166400,62.65
1432252800,62.45
1432339200,62.45
1432425600,62.45
1432512000,62.41
1432598400,62.1
1432684800,62.09
1432771200,62.1
1432857600,62.13
1432944000,62.13
1433030400,62.7
1433116800,62.55
1433203200,62.89
1433289600,62.97
1433376000,62.89
1433462400,62.64
1433548800,62.64
1433635200,62.64
1433721600,62.91
1433808000,62.94
1433894400,63.14
1433980800,63.03
1434067200,63.02
1434153600,63.02
1434240000,63.02
1434326400,63.05
1434412800,63.04
1434499200,63.2
1434585600,63.28
1434672000,63.26
1434758400,63.26
1434844800,63.26
1434931200,63.21
1435017600,62.98
1435104000,62.99
1435190400,62.99
1435276800,62.92
1435363200,62.92
1435449600,62.92
1435536000,63.07
1435622400,63.52
1435708800,63.32
1435795200,63.38
1435881600,63.4
1435968000,63.4
1436054400,63.4
1436140800,63.33
1436227200,63.23
1436313600,63.36
1436400000,63.29
1436486400,63.39
1436572800,63.39
1436659200,63.39
1436745600,63.17
1436832000,63.23
1436918400,63.1
1437004800,62.99
1437091200,62.93
1437177600,62.93
1437264000,62.93
1437350400,62.87
1437436800,63.04
1437523200,63
1437609600,63.01
1437696000,62.97
1437782400,62.97
1437868800,62.97
1437955200,63.1
1438041600,63.09
1438128000,62.99
1438214400,62.89
1438300800,63.45
1438387200,63.45
1438473600,63.45
1438560000,63.35
1438646400,63.25
1438732800,63.23
1438819200,63.23
1438905600,63.31
1438992000,63.31
1439078400,63.31
1439164800,63.39
1439251200,62.92
1439337600,62.92
1439424000,62.82
1439510400,62.82
1439596800,62.82
1439683200,62.82
1439769600,62.74
1439856000,62.7
1439942400,62.81
1440028800,62.98
1440115200,63.18
1440201600,63.18
1440288000,63.18
1440374400,63.54
1440460800,63.4
1440547200,63.07
1440633600,62.98
1440720000,62.94
1440806400,62.94
1440892800,62.94
1440979200,63.21
1441065600,63.43
1441152000,63.28
1441238400,63.19
1441324800,63.21
1441411200,63.21
1441497600,63.21
1441584000,63.22
1441670400,63.23
1441756800,63.16
1441843200,63.25
1441929600,63.3
1442016000,63.3
1442102400,63.3
1442188800,63.35
1442275200,63.27
1442361600,63.34
1442448000,63.55
1442534400,63.4
1442620800,63.4
1442707200,63.4
1442793600,63.21
1442880000,63.07
1442966400,63.03
1443052800,63.09
1443139200,63.06
1443225600,63.06
1443312000,63.06
1443398400,63.08
1443484800,63.18
1443571200,63.33
1443657600,63.34
1443744000,63.39
1443830400,63.39
1443916800,63.39
1444003200,63.38
1444089600,63.53
1444176000,63.55
1444262400,63.65
1444348800,63.74
1444435200,63.74
1444521600,63.74
1444608000,63.83
1444694400,63.73
1444780800,63.99
1444867200,63.93
1444953600,63.79
1445040000,63.79
1445126400,63.79
1445212800,63.72
1445299200,63.76
1445385600,63.69
1445472000,63.38
1445558400,63.24
1445644800,63.24
1445731200,63.24
1445817600,63.3
1445904000,63.29
1445990400,63.08
1446076800,63.16
1446163200,63.39
1446249600,63.56
1446336000,63.56
1446422400,63.51
1446508800,63.47
1446595200,63.3
1446681600,63.23
1446768000,62.88
1446854400,62.88
1446940800,62.88
1447027200,62.86
1447113600,62.86
1447200000,62.89
1447286400,62.97
1447372800,62.86
1447459200,62.86
1447545600,62.86
1447632000,62.77
1447718400,62.71
1447804800,62.69
1447891200,62.86
1447977600,62.74
1448064000,62.74
1448150400,62.74
1448236800,62.68
1448323200,62.72
1448409600,62.69
1448496000,62.66
1448582400,62.56
1448668800,62.56
1448755200,62.56
1448841600,62.92
1448928000,63.02
1449014400,62.95
1449100800,63.41
1449187200,63.28
1449273600,63.28
1449360000,63.28
1449446400,63.15
1449532800,63.17
1449619200,63.45
1449705600,63.27
1449792000,63.26
1449878400,63.26
1449964800,63.26
1450051200,63.24
1450137600,63.12
1450224000,63.03
1450310400,62.82
1450396800,62.96
1450483200,62.96
1450569600,62.96
1450656000,63
1450742400,63.05
1450828800,63.05
1450915200,63.15
1451001600,63.17
1451088000,63.17
1451174400,63.17
1451260800,63.1
1451347200,63.05
1451433600,63
1451520000,63.48
1451606400,63.49
1451692800,63.49
1451779200,63.49
1451865600,63.31
1451952000,63.28
1452038400,63.19
1452124800,63.23
1452211200,63.24
1452297600,63.24
1452384000,63.24
1452470400,63.2
1452556800,63.17
1452643200,63.19
1452729600,63.08
1452816000,63.12
1452902400,63.12
1452988800,63.12
1453075200,63.11
1453161600,63.08
1453248000,63.06
1453334400,63.02
1453420800,62.94
1453507200,62.94
1453593600,62.94
1453680000,62.99
1453766400,63.05
1453852800,63.04
1453939200,63.14
1454025600,62.88
1454112000,62.88
1454198400,63.5
1454284800,63.61
1454371200,63.65
1454457600,64.11
1454544000,64.33
1454630400,64.24
1454716800,64.24
1454803200,64.24
1454889600,64.3
1454976000,64.48
1455062400,64.62
1455148800,64.7
1455235200,64.57
1455321600,64.57
1455408000,64.57
1455494400,64.61
1455580800,64.52
1455667200,64.52
1455753600,64.58
1455840000,64.63
1455926400,64.63
1456012800,64.63
1456099200,64.5
1456185600,64.49
1456272000,64.44
1456358400,64.41
1456444800,64.17
1456531200,64.17
1456617600,64.17
1456704000,64.47
1456790400,64.45
1456876800,64.52
1456963200,64.69
1457049600,64.86
1457136000,64.86
1457222400,64.86
1457308800,64.9
1457395200,64.94
1457481600,64.9
1457568000,65.13
1457654400,65.19
1457740800,65.19
1457827200,65.19
1457913600,65.09
1458000000,65
1458086400,65.22
1458172800,65.69
1458259200,65.64
1458345600,65.64
1458432000,65.64
1458518400,65.52
1458604800,65.42
1458691200,65.25
1458777600,65.17
1458864000,65.14
1458950400,65.14
1459036800,65.14
1459123200,65.23
1459209600,65.43
1459296000,65.68
1459382400,66.3
1459468800,66.26
1459555200,66.26
1459641600,66.26
1459728000,66.26
1459814400,66.27
1459900800,66.31
1459987200,66.41
1460073600,66.5
1460160000,66.5
1460246400,66.5
1460332800,66.65
1460419200,66.59
1460505600,66.36
1460592000,66.29
1460678400,66.37
1460764800,66.37
1460851200,66.37
1460937600,66.4
1461024000,66.56
1461110400,66.42
1461196800,66.37
1461283200,66.03
1461369600,66.03
1461456000,66.03
1461542400,66.18
1461628800,66.26
1461715200,66.26
1461801600,66.66
1461888000,66.92
1461974400,67.2
1462060800,67.2
1462147200,67.29
1462233600,67.08
1462320000,66.97
1462406400,66.83
1462492800,66.84
1462579200,66.84
1462665600,66.84
1462752000,66.62
1462838400,66.55
1462924800,66.8
1463011200,66.62
1463097600,66.45
1463184000,66.45
1463270400,66.45
1463356800,66.5
1463443200,66.5
1463529600,66.21
1463616000,66.17
1463702400,66.16
1463788800,66.16
1463875200,66.16
1463961600,66.19
1464048000,66.09
1464134400,66.13
1464220800,66.2
1464307200,66.03
1464393600,66.03
1464480000,66.03
1464566400,66
1464652800,66.31
1464739200,66.46
1464825600,66.45
1464912000,67.03
1464998400,67.03
1465084800,67.03
1465171200,66.94
1465257600,67
1465344000,67.13
1465430400,67.04
1465516800,66.88
1465603200,66.88
1465689600,66.88
1465776000,66.89
1465862400,66.72
1465948800,66.87
1466035200,66.94
1466121600,67.05
1466208000,67.05
1466294400,67.05
1466380800,67.25
1466467200,67.07
1466553600,67.19
1466640000,67.22
1466726400,66.76
1466812800,66.76
1466899200,66.76
1466985600,66.49
1467072000,66.54
1467158400,66.7
1467244800,67.28
1467331200,67.34
1467417600,67.34
1467504000,67.34
1467590400,67.36
1467676800,67.19
1467763200,67.15
1467849600,67.2
1467936000,67.22
1468022400,67.22
1468108800,67.22
1468195200,67.02
1468281600,66.92
1468368000,66.98
1468454400,67.02
1468540800,66.88
1468627200,66.88
1468713600,66.88
1468800000,66.81
1468886400,66.7
1468972800,66.66
1469059200,66.78
1469145600,66.65
1469232000,66.65
1469318400,66.65
1469404800,66.69
1469491200,66.82
1469577600,66.88
1469664000,66.94
1469750400,67.44
1469836800,67.44
1469923200,67.68
1470009600,67.6
1470096000,67.89
1470182400,67.76
1470268800,67.69
1470355200,67.54
1470441600,67.54
1470528000,67.54
1470614400,67.47
1470700800,67.59
1470787200,67.82
1470873600,67.68
1470960000,67.75
1471046400,67.75
1471132800,67.75
1471219200,67.78
1471305600,68.08
1471392000,68.05
1471478400,68.2
1471564800,68.02
1471651200,68.02
1471737600,68.02
1471824000,67.99
1471910400,68.03
1471996800,67.91
1472083200,67.9
1472169600,67.62
1472256000,67.62
1472342400,67.62
1472428800,67.56
1472515200,67.38
1472601600,67.85
1472688000,67.94
1472774400,67.83
1472860800,67.83
1472947200,67.83
1473033600,67.89
1473120000,68.26
1473206400,68.3
1473292800,68.2
1473379200,68.08
1473465600,68.08
1473552000,68.08
1473638400,68.11
1473724800,67.96
1473811200,68.04
1473897600,68.1
1473984000,67.91
1474070400,67.91
1474156800,67.91
1474243200,68.02
1474329600,67.97
1474416000,68.19
1474502400,68.22
1474588800,68.14
1474675200,68.14
1474761600,68.14
1474848000,68.23
1474934400,68.2
1475020800,68.19
1475107200,68.14
1475193600,68.43
1475280000,68.43
1475366400,68.43
1475452800,68.35
1475539200,68.15
1475625600,68.13
1475712000,67.99
1475798400,68.1
1475884800,68.1
1475971200,68.1
1476057600,67.84
1476144000,67.64
1476230400,67.53
1476316800,67.63
1476403200,67.47
1476489600,67.47
1476576000,67.47
1476662400,67.49
1476748800,67.51
1476835200,67.58
1476921600,67.43
1477008000,67.3
1477094400,67.3
1477180800,67.3
1477267200,67.25
1477353600,67.24
1477440000,67.25
1477526400,67.1
1477612800,67.25
1477699200,67.25
1477785600,67.25
1477872000,67.49
1477958400,67.66
1478044800,67.8
1478131200,67.87
1478217600,67.93
1478304000,67.93
1478390400,67.93
1478476800,67.63
1478563200,67.55
1478649600,67.32
1478736000,67.01
1478822400,66.98
1478908800,66.98
1478995200,66.98
1479081600,66.53
1479168000,66.46
1479254400,66.36
1479340800,66.19
1479427200,66
1479513600,66
1479600000,66
1479686400,66.11
1479772800,66.08
1479859200,65.82
1479945600,65.75
1480032000,65.76
1480118400,65.76
1480204800,65.76
1480291200,65.95
1480377600,65.99
1480464000,66.2
1480550400,66.32
1480636800,66.39
1480723200,66.39
1480809600,66.39
1480896000,66.52
1480982400,66.46
1481068800,66.54
1481155200,66.36
1481241600,66.11
1481328000,66.11
1481414400,66.11
1481500800,66.28
1481587200,66.28
1481673600,65.94
1481760000,65.56
1481846400,65.58
1481932800,65.58
1482019200,65.58
1482105600,65.58
1482192000,65.53
1482278400,65.62
1482364800,65.58
1482451200,65.62
1482537600,65.62
1482624000,65.62
1482710400,65.63
1482796800,65.6
1482883200,65.51
1482969600,65.71
1483056000,65.74
1483142400,66.17
1483228800,66.17
1483315200,66.12
1483401600,65.92
1483488000,66.19
1483574400,66.66
1483660800,66.3
1483747200,66.3
1483833600,66.3
1483920000,66.32
1484006400,66.37
1484092800,66.38
1484179200,66.64
1484265600,66.67
1484352000,66.67
1484438400,66.67
1484524800,66.57
1484611200,67.13
1484697600,66.83
1484784000,66.77
1484870400,66.84
1484956800,66.84
1485043200,66.84
1485129600,67.2
1485216000,67.06
1485302400,67.08
1485388800,66.89
1485475200,66.86
1485561600,66.86
1485648000,66.86
1485734400,66.98
1485820800,67.76
1485907200,67.71
1485993600,67.82
1486080000,67.83
1486166400,67.83
1486252800,67.83
1486339200,67.86
1486425600,67.62
1486512000,67.74
1486598400,67.6
1486684800,67.55
1486771200,67.55
1486857600,67.55
1486944000,67.48
1487030400,67.49
1487116800,67.51
1487203200,67.73
1487289600,67.59
1487376000,67.59
1487462400,67.59
1487548800,67.57
1487635200,67.42
1487721600,67.5
1487808000,67.69
1487894400,67.62
1487980800,67.62
1488067200,67.62
1488153600,67.6
1488240000,67.81
1488326400,67.64
1488412800,67.46
1488499200,67.63
1488585600,67.63
1488672000,67.63
1488758400,67.57
1488844800,67.53
1488931200,67.37
1489017600,67.36
1489104000,67.53
1489190400,67.53
1489276800,67.53
1489363200,67.49
1489449600,67.42
1489536000,67.79
1489622400,67.92
1489708800,67.94
1489795200,67.94
1489881600,67.94
1489968000,67.95
1490054400,68.16
1490140800,68.21
1490227200,68.2
1490313600,68.21
1490400000,68.21
1490486400,68.21
1490572800,68.39
1490659200,68.23
1490745600,68.16
1490832000,67.99
1490918400,68.55
1491004800,68.55
1491091200,68.55
1491177600,68.58
1491264000,68.58
1491350400,68.55
1491436800,68.49
1491523200,68.35
1491609600,68.35
1491696000,68.35
1491782400,68.38
1491868800,68.56
1491955200,68.73
1492041600,68.66
1492128000,68.7
1492214400,68.7
1492300800,68.7
1492387200,68.75
1492473600,68.96
1492560000,68.82
1492646400,68.83
1492732800,68.85
1492819200,68.85
1492905600,68.85
1492992000,68.98
1493078400,68.93
1493164800,68.87
1493251200,68.81
1493337600,68.85
1493424000,68.85
1493510400,69.09
1493596800,69.04
1493683200,69.08
1493769600,68.93
1493856000,69.05
1493942400,69.05
1494028800,69.05
1494115200,69.05
1494201600,68.88
1494288000,68.74
1494374400,68.77
1494460800,68.79
1494547200,68.93
1494633600,68.93
1494720000,68.93
1494806400,69.04
1494892800,69.23
1494979200,69.51
1495065600,69.26
1495152000,69.51
1495238400,69.51
1495324800,69.51
1495411200,69.54
1495497600,69.4
1495584000,69.48
1495670400,69.5
1495756800,69.54
1495843200,69.54
1495929600,69.54
1496016000,69.53
1496102400,69.57
1496188800,70.06
1496275200,70.02
1496361600,70.18
1496448000,70.18
1496534400,70.18
1496620800,70.15
1496707200,70.31
1496793600,70.25
1496880000,70.17
1496966400,70.08
1497052800,70.08
1497139200,70.08
1497225600,70.11
1497312000,70.12
1497398400,70.22
1497484800,69.96
1497571200,70.01
1497657600,70.01
1497744000,70.01
1497830400,69.84
1497916800,69.73
1498003200,69.77
1498089600,69.77
1498176000,69.83
1498262400,69.83
1498348800,69.83
1498435200,69.79
1498521600,70.03
1498608000,70.17
1498694400,70.3
1498780800,70.93
1498867200,70.93
1498953600,70.93
1499040000,70.66
1499126400,70.65
1499212800,70.66
1499299200,70.74
1499385600,70.64
1499472000,70.64
1499558400,70.64
1499644800,70.63
1499731200,70.71
1499817600,70.83
1499904000,70.84
1499990400,71.09
1500076800,71.09
1500163200,71.09
1500249600,71.09
1500336000,71.32
1500422400,71.26
1500508800,71.37
1500595200,71.43
1500681600,71.43
1500768000,71.43
1500854400,71.47
1500940800,71.4
1501027200,71.61
1501113600,71.53
1501200000,71.71
1501286400,71.71
1501372800,71.71
1501459200,72.01
1501545600,71.96
1501632000,71.99
1501718400,72.06
1501804800,71.81
1501891200,71.81
1501977600,71.81
1502064000,71.84
1502150400,71.89
1502236800,72.04
1502323200,72.19
1502409600,72.22
1502496000,72.22
1502582400,72.22
1502668800,72.07
1502755200,71.86
1502841600,71.95
1502928000,72.01
1503014400,72.11
1503100800,72.11
1503187200,72.11
1503273600,72.21
1503360000,72.1
1503446400,72.2
1503532800,72.15
1503619200,72.41
1503705600,72.41
1503792000,72.41
1503878400,72.67
1503964800,72.61
1504051200,72.47
1504137600,72.99
1504224000,73.07
1504310400,73.07
1504396800,73.07
1504483200,73.26
1504569600,73.37
1504656000,73.41
1504742400,73.81
1504828800,73.9
1504915200,73.9
1505001600,73.9
1505088000,73.48
1505174400,73.4
1505260800,73.21
1505347200,73.28
1505433600,73.3
1505520000,73.3
1505606400,73.3
1505692800,73.13
1505779200,73.15
1505865600,73
1505952000,72.99
1506038400,73.02
1506124800,73.02
1506211200,73.02
1506297600,72.78
1506384000,72.6
1506470400,72.42
1506556800,72.47
1506643200,72.5
1506729600,72.79
1506816000,72.79
1506902400,72.63
1506988800,72.64
1507075200,72.66
1507161600,72.55
1507248000,72.56
1507334400,72.56
1507420800,72.56
1507507200,72.68
1507593600,73
1507680000,73.03
1507766400,73.01
1507852800,73.11
1507939200,73.11
1508025600,73.11
1508112000,72.99
1508198400,72.8
1508284800,72.74
1508371200,72.89
1508457600,72.68
1508544000,72.68
1508630400,72.68
1508716800,72.57
1508803200,72.53
1508889600,72.6
1508976000,72.33
1509062400,72.27
1509148800,72.27
1509235200,72.27
1509321600,72.41
1509408000,72.61
1509494400,72.65
1509580800,72.65
1509667200,72.45
1509753600,72.45
1509840000,72.45
1509926400,72.58
1510012800,72.44
1510099200,72.53
1510185600,72.58
1510272000,72.58
1510358400,72.58
1510444800,72.58
1510531200,72.57
1510617600,72.75
1510704000,72.83
1510790400,72.79
1510876800,72.92
1510963200,72.92
1511049600,72.92
1511136000,72.79
1511222400,72.83
1511308800,73.17
1511395200,73.29
1511481600,73.29
1511568000,73.29
1511654400,73.29
1511740800,73.3
1511827200,73.18
1511913600,73.14
1512000000,73.58
1512086400,73.58
1512172800,73.58
1512259200,73.58
1512345600,73.51
1512432000,73.46
1512518400,73.42
1512604800,73.32
1512691200,73.25
1512777600,73.25
1512864000,73.25
1512950400,73.25
1513036800,73.19
1513123200,73.46
1513209600,73.41
1513296000,73.34
1513382400,73.34
1513468800,73.34
1513555200,73.39
1513641600,73.47
1513728000,73.57
1513814400,73.55
1513900800,73.56
1513987200,73.56
1514073600,73.56
1514160000,73.71
1514246400,73.72
1514332800,73.71
1514419200,73.93
1514505600,74.14
1514592000,74.14
1514678400,74.46
1514764800,74.47
1514851200,74.68
1514937600,74.57
1515024000,74.64
1515110400,74.65
1515196800,74.65
1515283200,74.65
1515369600,74.52
1515456000,74.38
1515542400,74.56
1515628800,74.73
1515715200,75.15
1515801600,75.15
1515888000,75.15
1515974400,75.38
1516060800,75.36
1516147200,75.24
1516233600,75.43
1516320000,75.47
1516406400,75.47
1516492800,75.47
1516579200,75.56
1516665600,75.67
1516752000,76.16
1516838400,76.29
1516924800,76.41
1517011200,76.41
1517097600,76.41
1517184000,76.24
1517270400,76.33
1517356800,77.31
1517443200,77.39
1517529600,77.14
1517616000,77.14
1517702400,77.14
1517788800,77.12
1517875200,77.12
1517961600,77.03
1518048000,76.78
1518134400,76.87
1518220800,76.87
1518307200,76.87
1518393600,76.83
1518480000,76.93
1518566400,77.2
1518652800,77.39
1518739200,77.21
1518825600,77.21
1518912000,77.21
1518998400,77.18
1519084800,76.99
1519171200,76.85
1519257600,77.01
1519344000,77.05
1519430400,77.05
1519516800,77.05
1519603200,77.14
1519689600,76.95
1519776000,77.04
1519862400,77.04
1519948800,77.2
1520035200,77.2
1520121600,77.2
1520208000,77.16
1520294400,77.45
1520380800,77.39
1520467200,77.14
1520553600,77.17
1520640000,77.17
1520726400,77.17
1520812800,77.23
1520899200,77.35
1520985600,77.34
1521072000,77.22
1521158400,77.17
1521244800,77.17
1521331200,77.17
1521417600,77.23
1521504000,77.05
1521590400,77.37
1521676800,77.3
1521763200,77.51
1521849600,77.51
1521936000,77.51
1522022400,77.77
1522108800,77.64
1522195200,77.3
1522281600,77.38
1522368000,77.5
1522454400,77.81
1522540800,77.81
1522627200,77.78
1522713600,77.63
1522800000,77.57
1522886400,77.44
1522972800,77.53
1523059200,77.53
1523145600,77.53
1523232000,77.57
1523318400,77.66
1523404800,77.79
1523491200,77.6
1523577600,77.68
1523664000,77.68
1523750400,77.68
1523836800,77.78
1523923200,77.73
1524009600,77.75
1524096000,77.62
1524182400,77.4
1524268800,77.4
1524355200,77.4
1524441600,77.05
1524528000,77.15
1524614400,76.87
1524700800,76.77
1524787200,76.84
1524873600,76.84
1524960000,76.84
1525046400,76.98
1525132800,76.77
1525219200,76.55
1525305600,76.7
1525392000,76.64
1525478400,76.64
1525564800,76.64
1525651200,76.53
1525737600,76.43
1525824000,76.41
1525910400,76.62
1525996800,76.68
1526083200,76.68
1526169600,76.68
1526256000,76.62
1526342400,76.22
1526428800,76.24
1526515200,76.2
1526601600,76.08
1526688000,76.08
1526774400,76.08
1526860800,76.07
1526947200,76.15
1527033600,76.04
1527120000,76.15
1527206400,75.97
1527292800,75.97
1527379200,75.97
1527465600,75.9
1527552000,75.77
1527638400,75.91
1527724800,76.29
1527811200,76.16
1527897600,76.16
1527984000,76.16
1528070400,76.25
1528156800,76.27
1528243200,76.39
1528329600,76.41
1528416000,76.37
1528502400,76.37
1528588800,76.37
1528675200,76.33
1528761600,76.24
1528848000,76.31
1528934400,75.93
1529020800,75.79
1529107200,75.79
1529193600,75.79
1529280000,75.82
1529366400,75.61
1529452800,75.58
1529539200,75.6
1529625600,75.63
1529712000,75.63
1529798400,75.63
1529884800,75.56
1529971200,75.28
1530057600,74.99
1530144000,74.92
1530230400,75.12
1530316800,75.74
1530403200,75.74
1530489600,75.43
1530576000,75.6
1530662400,75.66
1530748800,75.68
1530835200,75.77
1530921600,75.77
1531008000,75.77
1531094400,75.86
1531180800,75.78
1531267200,75.34
1531353600,75.36
1531440000,75.31
1531526400,75.31
1531612800,75.31
1531699200,75.38
1531785600,75.19
1531872000,75.08
1531958400,74.87
1532044800,75.11
1532131200,75.11
1532217600,75.11
1532304000,75
1532390400,74.97
1532476800,75.24
1532563200,74.97
1532649600,74.94
1532736000,74.94
1532822400,74.94
1532908800,75.02
1532995200,75.09
1533081600,74.98
1533168000,74.79
1533254400,74.84
1533340800,74.84
1533427200,74.84
1533513600,74.69
1533600000,74.83
1533686400,74.84
1533772800,74.72
1533859200,74.38
1533945600,74.38
1534032000,74.38
1534118400,74.19
1534204800,74.13
1534291200,73.97
1534377600,74.19
1534464000,74.34
1534550400,74.34
1534636800,74.34
1534723200,74.51
1534809600,74.66
1534896000,74.69
1534982400,74.36
1535068800,74.77
1535155200,74.77
1535241600,74.77
1535328000,74.84
1535414400,74.86
1535500800,74.81
1535587200,74.7
1535673600,74.98
1535760000,74.98
1535846400,74.98
1535932800,74.96
1536019200,74.78
1536105600,74.91
1536192000,74.97
1536278400,74.8
1536364800,74.8
1536451200,74.8
1536537600,74.8
1536624000,74.74
1536710400,74.9
1536796800,75
1536883200,74.79
1536969600,74.79
1537056000,74.79
1537142400,74.94
1537228800,74.86
1537315200,74.97
1537401600,75.13
1537488000,75.01
1537574400,75.01
1537660800,75.01
1537747200,75
1537833600,74.98
1537920000,74.93
1538006400,74.71
1538092800,74.71
1538179200,74.71
1538265600,75.06
1538352000,75.01
1538438400,74.98
1538524800,74.8
1538611200,74.88
1538697600,74.93
1538784000,74.93
1538870400,74.93
1538956800,74.7
1539043200,74.79
1539129600,74.85
1539216000,75.12
1539302400,74.94
1539388800,74.94
1539475200,74.94
1539561600,75.06
1539648000,75.05
1539734400,74.85
1539820800,74.74
1539907200,74.83
1539993600,74.83
1540080000,74.83
1540166400,74.66
1540252800,74.74
1540339200,74.61
1540425600,74.54
1540512000,74.65
1540598400,74.65
1540684800,74.65
1540771200,74.46
1540857600,74.34
1540944000,74.29
1541030400,74.75
1541116800,74.8
1541203200,74.8
1541289600,74.8
1541376000,74.71
1541462400,74.74
1541548800,74.76
1541635200,74.53
1541721600,74.39
1541808000,74.39
1541894400,74.39
1541980800,74.17
1542067200,74.3
1542153600,74.38
1542240000,74.44
1542326400,74.65
1542412800,74.65
1542499200,74.65
1542585600,74.72
1542672000,74.52
1542758400,74.63
1542844800,74.67
1542931200,74.48
1543017600,74.48
1543104000,74.48
1543190400,74.42
1543276800,74.3
1543363200,74.45
1543449600,74.54
1543536000,74.76
1543622400,74.76
1543708800,74.76
1543795200,75.1
1543881600,75.3
1543968000,75.18
1544054400,75.17
1544140800,75.19
1544227200,75.19
1544313600,75.19
1544400000,74.89
1544486400,74.88
1544572800,75.11
1544659200,75.04
1544745600,74.86
1544832000,74.86
1544918400,74.86
1545004800,75.02
1545091200,75.06
1545177600,75.08
1545264000,75.31
1545350400,75.1
1545436800,75.1
1545523200,75.1
1545609600,75.25
1545696000,75.31
1545782400,75.15
1545868800,75.36
1545955200,75.42
1546041600,75.42
1546128000,75.42
1546214400,76.02
1546300800,76.01
1546387200,75.97
1546473600,76.12
1546560000,76.15
1546646400,76.15
1546732800,76.15
1546819200,76.32
1546905600,76.25
1546992000,76.64
1547078400,76.63
1547164800,76.7
1547251200,76.7
1547337600,76.7
1547424000,76.71
1547510400,76.62
1547596800,76.6
1547683200,76.52
1547769600,76.39
1547856000,76.39
1547942400,76.39
1548028800,76.34
1548115200,76.28
1548201600,76.42
1548288000,76.36
1548374400,76.7
1548460800,76.7
1548547200,76.7
1548633600,76.72
1548720000,76.76
1548806400,76.99
1548892800,77.72
1548979200,77.46
1549065600,77.46
1549152000,77.46
1549238400,77.38
1549324800,77.32
1549411200,77.24
1549497600,77.21
1549584000,77.18
1549670400,77.18
1549756800,77.18
1549843200,76.83
1549929600,76.99
1550016000,76.88
1550102400,76.91
1550188800,76.94
1550275200,76.94
1550361600,76.94
1550448000,76.98
1550534400,77.12
1550620800,77.25
1550707200,77.23
1550793600,77.3
1550880000,77.3
1550966400,77.3
1551052800,77.42
1551139200,77.46
1551225600,77.51
1551312000,77.53
1551398400,77.37
1551484800,77.37
1551571200,77.37
1551657600,77.36
1551744000,77.3
1551830400,77.26
1551916800,77.06
1552003200,77.12
1552089600,77.12
1552176000,77.12
1552262400,77.16
1552348800,77.27
1552435200,77.4
1552521600,77.23
1552608000,77.36
1552694400,77.36
1552780800,77.36
1552867200,77.38
1552953600,77.42
1553040000,77.65
1553126400,77.53
1553212800,77.38
1553299200,77.38
1553385600,77.38
1553472000,77.46
1553558400,77.33
1553644800,77.21
1553731200,77.1
1553817600,77.19
1553904000,77.19
1553990400,77.77
1554076800,77.78
1554163200,77.71
1554249600,77.81
1554336000,77.71
1554422400,77.68
1554508800,77.68
1554595200,77.68
1554681600,77.8
1554768000,77.85
1554854400,77.89
1554940800,77.75
1555027200,77.84
1555113600,77.84
1555200000,77.84
1555286400,77.82
1555372800,77.78
1555459200,77.88
1555545600,77.69
1555632000,77.73
1555718400,77.73
1555804800,77.73
1555891200,77.7
1555977600,77.61
1556064000,77.47
1556150400,77.39
1556236800,77.47
1556323200,77.47
1556409600,77.47
1556496000,77.51
1556582400,77.83
1556668800,77.82
1556755200,77.73
1556841600,77.89
1556928000,77.89
1557014400,77.89
1557100800,77.76
1557187200,77.68
1557273600,77.68
1557360000,77.55
1557446400,77.58
1557532800,77.58
1557619200,77.58
1557705600,77.38
1557792000,77.32
1557878400,77.32
1557964800,77.19
1558051200,76.98
1558137600,76.98
1558224000,76.98
1558310400,77.02
1558396800,77.03
1558483200,77.01
1558569600,77.08
1558656000,77.2
1558742400,77.2
1558828800,77.2
1558915200,77.16
1559001600,77.07
1559088000,76.99
1559174400,77.05
1559260800,77.52
1559347200,77.52
1559433600,77.52
1559520000,77.67
1559606400,77.69
1559692800,77.62
1559779200,77.7
1559865600,77.81
1559952000,77.81
1560038400,77.81
1560124800,77.67
1560211200,77.77
1560297600,77.67
1560384000,77.64
1560470400,77.49
1560556800,77.49
1560643200,77.49
1560729600,77.49
1560816000,77.62
1560902400,77.75
1560988800,78.16
1561075200,78.17
1561161600,78.17
1561248000,78.17
1561334400,78.23
1561420800,78.13
1561507200,78.09
1561593600,78.11
1561680000,78.14
1561766400,78.14
1561852800,78.79
1561939200,78.69
1562025600,78.65
1562112000,78.61
1562198400,78.67
1562284800,78.4
1562371200,78.4
1562457600,78.4
1562544000,78.42
1562630400,78.34
1562716800,78.55
1562803200,78.56
1562889600,78.62
1562976000,78.62
1563062400,78.62
1563148800,78.61
1563235200,78.48
1563321600,78.54
1563408000,78.7
1563494400,78.55
1563580800,78.55
1563667200,78.55
1563753600,78.52
1563840000,78.38
1563926400,78.44
1564012800,78.37
1564099200,78.28
1564185600,78.28
1564272000,78.28
1564358400,78.2
1564444800,78.25
1564531200,78.25
1564617600,78.3
1564704000,78.21
1564790400,78.21
1564876800,78.21
1564963200,77.94
1565049600,77.96
1565136000,77.98
1565222400,77.95
1565308800,77.88
1565395200,77.88
1565481600,77.88
1565568000,77.92
1565654400,77.84
1565740800,77.89
1565827200,77.79
1565913600,77.74
1566000000,77.74
1566086400,77.74
1566172800,77.62
1566259200,77.66
1566345600,77.6
1566432000,77.55
1566518400,77.67
1566604800,77.67
1566691200,77.67
1566777600,77.31
1566864000,77.31
1566950400,77.21
1567036800,77.22
1567123200,77.11
1567209600,77.58
1567296000,77.58
1567382400,77.47
1567468800,77.51
1567555200,77.77
1567641600,77.72
1567728000,77.85
1567814400,77.85
1567900800,77.85
1567987200,77.83
1568073600,77.85
1568160000,77.75
1568246400,77.97
1568332800,78.04
1568419200,78.04
1568505600,78.04
1568592000,77.96
1568678400,77.97
1568764800,77.89
1568851200,77.89
1568937600,77.92
1569024000,77.92
1569110400,77.92
1569196800,77.79
1569283200,77.88
1569369600,77.62
1569456000,77.57
1569542400,77.61
1569628800,77.61
1569715200,77.61
1569801600,77.87
1569888000,77.93
1569974400,78
1570060800,78.06
1570147200,78.1
1570233600,78.1
1570320000,78.1
1570406400,78.03
1570492800,78.02
1570579200,78.05
1570665600,78.2
1570752000,78.38
1570838400,78.38
1570924800,78.38
1571011200,78.43
1571097600,78.37
1571184000,78.39
1571270400,78.58
1571356800,78.7
1571443200,78.7
1571529600,78.7
1571616000,78.66
1571702400,78.63
1571788800,78.68
1571875200,78.6
1571961600,78.59
1572048000,78.59
1572134400,78.59
1572220800,78.61
1572307200,78.63
1572393600,78.73
1572480000,79.01
1572566400,79.06
1572652800,79.06
1572739200,79.06
1572825600,78.97
1572912000,78.93
1572998400,78.96
1573084800,78.99
1573171200,78.83
1573257600,78.83
1573344000,78.83
1573430400,78.83
1573516800,78.8
1573603200,78.75
1573689600,78.82
1573776000,78.9
1573862400,78.9
1573948800,78.9
1574035200,78.86
1574121600,78.87
1574208000,78.81
1574294400,78.81
1574380800,78.69
1574467200,78.69
1574553600,78.69
1574640000,78.69
1574726400,78.68
1574812800,78.63
1574899200,78.64
1574985600,78.66
1575072000,79.19
1575158400,79.19
1575244800,79.29
1575331200,79.26
1575417600,79.32
1575504000,79.42
1575590400,79.42
1575676800,79.42
1575763200,79.42
1575849600,79.41
1575936000,79.45
1576022400,79.54
1576108800,79.7
1576195200,79.73
1576281600,79.73
1576368000,79.73
1576454400,79.73
1576540800,79.69
1576627200,79.6
1576713600,79.57
1576800000,79.52
1576886400,79.52
1576972800,79.52
1577059200,79.51
1577145600,79.54
1577232000,79.6
1577318400,79.6
1577404800,79.74
1577491200,79.74
1577577600,79.74
1577664000,79.87
1577750400,80.68
1577836800,80.74
1577923200,80.57
1578009600,80.56
1578096000,80.56
1578182400,80.56
1578268800,80.58
1578355200,80.62
1578441600,80.52
1578528000,80.52
1578614400,80.6
1578700800,80.6
1578787200,80.6
1578873600,80.66
1578960000,80.69
1579046400,80.71
1579132800,80.73
1579219200,80.74
1579305600,80.74
1579392000,80.74
1579478400,80.69
1579564800,80.53
1579651200,80.58
1579737600,80.4
1579824000,80.37
1579910400,80.37
1579996800,80.37
1580083200,80.35
1580169600,80.36
1580256000,80.33
1580342400,80.36
1580428800,81.14
1580515200,81.14
1580601600,81.14
1580688000,80.68
1580774400,80.71
1580860800,80.73
1580947200,80.65
1581033600,80.45
1581120000,80.45
1581206400,80.45
1581292800,80.5
1581379200,80.61
1581465600,80.51
1581552000,80.47
1581638400,80.44
1581724800,80.44
1581811200,80.44
1581897600,80.44
1581984000,80.31
1582070400,80.17
1582156800,79.92
1582243200,80.06
1582329600,80.06
1582416000,80.06
1582502400,80.08
1582588800,80.25
1582675200,80.15
1582761600,80.42
1582848000,80.6
1582934400,80.92
1583020800,80.92
1583107200,81.2
1583193600,81.37
1583280000,81.43
1583366400,81.62
1583452800,81.8
1583539200,81.8
1583625600,81.8
1583712000,82.12
1583798400,81.57
1583884800,81.5
1583971200,80.94
1584057600,80.61
1584144000,80.61
1584230400,80.61
1584316800,80.84
1584403200,80.3
1584489600,79.74
1584576000,78.93
1584662400,79.04
1584748800,79.04
1584835200,79.04
1584921600,78.97
1585008000,79.27
1585094400,79.28
1585180800,79.93
1585267200,80.16
1585353600,80.16
1585440000,80.16
1585526400,79.95
1585612800,82.01
1585699200,81.82
1585785600,81.71
1585872000,81.48
1585958400,81.48
1586044800,81.48
1586131200,81.42
1586217600,81.87
1586304000,81.77
1586390400,82.04
1586476800,82.11
1586563200,82.11
1586649600,82.11
1586736000,82.03
1586822400,82.25
1586908800,81.94
1586995200,81.75
1587081600,81.89
1587168000,81.89
1587254400,81.89
1587340800,81.8
1587427200,81.63
1587513600,81.62
1587600000,81.66
1587686400,81.66
1587772800,81.66
1587859200,81.66
1587945600,81.73
1588032000,81.8
1588118400,81.97
1588204800,83.92
1588291200,83.92
1588377600,83.92
1588464000,83.92
1588550400,83.82
1588636800,83.75
1588723200,83.47
1588809600,83.63
1588896000,83.7
1588982400,83.7
1589068800,83.7
1589155200,83.42
1589241600,83.55
1589328000,83.46
1589414400,83.44
1589500800,83.39
1589587200,83.39
1589673600,83.39
1589760000,83.55
1589846400,83.59
1589932800,83.76
1590019200,83.62
1590105600,83.46
1590192000,83.46
1590278400,83.46
1590364800,83.44
1590451200,83.69
1590537600,83.53
1590624000,83.74
1590710400,83.83
1590796800,83.83
1590883200,85.27
1590969600,85.44
1591056000,85.57
1591142400,85.61
1591228800,85.74
1591315200,85.82
1591401600,85.82
1591488000,85.82
1591574400,86.04
1591660800,86.11
1591747200,86.29
1591833600,86.08
1591920000,85.89
1592006400,85.89
1592092800,85.89
1592179200,85.95
1592265600,85.86
1592352000,85.87
1592438400,85.73
1592524800,85.77
1592611200,85.77
1592697600,85.77
1592784000,85.96
1592870400,86.15
1592956800,85.85
1593043200,85.8
1593129600,85.74
1593216000,85.74
1593302400,85.74
1593388800,85.72
1593475200,87.01
1593561600,87.11
1593648000,87.12
1593734400,87.14
1593820800,87.14
1593907200,87.14
1593993600,87.45
1594080000,87.39
1594166400,87.58
1594252800,87.57
1594339200,87.6
1594425600,87.6
1594512000,87.6
1594598400,87.59
1594684800,87.64
1594771200,87.79
1594857600,87.7
1594944000,87.76
1595030400,87.76
1595116800,87.76
1595203200,87.85
1595289600,88.09
1595376000,88.04
1595462400,88.07
1595548800,88.19
1595635200,88.19
1595721600,88.19
1595808000,88.53
1595894400,88.49
1595980800,88.63
1596067200,88.69
1596153600,88.91
1596240000,88.91
1596326400,88.91
1596412800,88.84
1596499200,88.96
1596585600,89.26
1596672000,89.18
1596758400,88.89
1596844800,88.89
1596931200,88.89
1597017600,88.86
1597104000,88.9
1597190400,88.95
1597276800,88.99
1597363200,89.03
1597449600,89.03
1597536000,89.03
1597622400,89.19
1597708800,89.44
1597795200,89.19
1597881600,89.31
1597968000,89.15
1598054400,89.15
1598140800,89.15
1598227200,89.12
1598313600,89.21
1598400000,89.37
1598486400,89.28
1598572800,89.74
1598659200,89.74
1598745600,89.74
1598832000,90.28
1598918400,90.36
1599004800,90.19
1599091200,90.12
1599177600,90.12
1599264000,90.12
1599350400,90.12
1599436800,90.09
1599523200,89.9
1599609600,90.04
1599696000,89.99
1599782400,90.04
1599868800,90.04
1599955200,90.04
1600041600,90.24
1600128000,90.39
1600214400,90.58
1600300800,90.59
1600387200,90.52
1600473600,90.52
1600560000,90.52
1600646400,90.18
1600732800,90.14
1600819200,89.83
1600905600,89.75
1600992000,89.68
1601078400,89.68
1601164800,89.68
1601251200,89.8
1601337600,89.89
1601424000,90.94
1601510400,90.98
1601596800,90.95
1601683200,90.95
1601769600,90.95
1601856000,91.06
1601942400,90.94
1602028800,90.98
1602115200,91
1602201600,91.67
1602288000,91.67
1602374400,91.67
1602460800,91.42
1602547200,91.24
1602633600,91.46
1602720000,91.27
1602806400,91.42
1602892800,91.42
1602979200,91.42
1603065600,91.59
1603152000,91.7
1603238400,92.04
1603324800,91.78
1603411200,91.84
1603497600,91.84
1603584000,91.84
1603670400,91.6
1603756800,91.64
1603843200,91.4
1603929600,91.31
1604016000,91.37
1604102400,91.65
1604188800,91.65
1604275200,91.63
1604361600,91.89
1604448000,92.06
1604534400,92.64
1604620800,92.69
1604707200,92.69
1604793600,92.69
1604880000,92.35
1604966400,92.44
1605052800,92.3
1605139200,92.4
1605225600,92.58
1605312000,92.58
1605398400,92.58
1605484800,92.74
1605571200,92.95
1605657600,92.97
1605744000,92.9
1605830400,92.97
1605916800,92.97
1606003200,92.97
1606089600,92.74
1606176000,92.84
1606262400,92.97
1606348800,92.98
1606435200,93.07
1606521600,93.07
1606608000,93.07
1606694400,93.63
1606780800,93.96
1606867200,94.06
1606953600,94.32
1607040000,94.34
1607126400,94.34
1607212800,94.34
1607299200,94.33
1607385600,94.3
1607472000,94.19
1607558400,94.29
1607644800,94.22
1607731200,94.22
1607817600,94.22
1607904000,94.27
1607990400,94.44
1608076800,94.58
1608163200,94.75
1608249600,94.67
1608336000,94.67
1608422400,94.67
1608508800,94.54
1608595200,94.34
1608681600,94.45
1608768000,94.52
1608854400,94.48
1608940800,94.48
1609027200,94.48
1609113600,94.51
1609200000,94.64
1609286400,94.84
1609372800,95.42
1609459200,95.45
1609545600,95.45
1609632000,95.45
1609718400,95.77
1609804800,95.96
1609891200,95.94
1609977600,95.63
1610064000,95.56
1610150400,95.56
1610236800,95.56
1610323200,95.34
1610409600,95.68
1610496000,95.56
1610582400,95.58
1610668800,95.36
1610755200,95.36
1610841600,95.36
1610928000,95.32
1611014400,95.45
1611100800,95.57
1611187200,95.7
1611273600,95.49
1611360000,95.49
1611446400,95.49
1611532800,95.44
1611619200,95.62
1611705600,95.33
1611792000,95.52
1611878400,95.6
1611964800,95.6
1612051200,96.59
1612137600,96.23
1612224000,96.3
1612310400,96.27
1612396800,96.01
1612483200,96.25
1612569600,96.25
1612656000,96.25
1612742400,96.37
1612828800,96.65
1612915200,96.53
1613001600,96.56
1613088000,96.52
1613174400,96.52
1613260800,96.52
1613347200,96.52
1613433600,96.39
1613520000,96.3
1613606400,96.26
1613692800,96.5
1613779200,96.5
1613865600,96.5
1613952000,96.55
1614038400,96.55
1614124800,96.57
1614211200,96.43
1614297600,96.09
1614384000,96.09
1614470400,96.7
1614556800,96.72
1614643200,96.76
1614729600,96.69
1614816000,96.38
1614902400,96.09
1614988800,96.09
1615075200,96.09
1615161600,95.71
1615248000,96.02
1615334400,96.12
1615420800,96.33
1615507200,96.11
1615593600,96.11
1615680000,96.11
1615766400,96.11
1615852800,96.07
1615939200,96.24
1616025600,96.08
1616112000,96.05
1616198400,96.05
1616284800,96.05
1616371200,96.07
1616457600,95.83
1616544000,95.68
1616630400,95.49
1616716800,95.48
1616803200,95.48
1616889600,95.48
1616976000,95.27
1617062400,95.11
1617148800,96.36
1617235200,96.38
1617321600,96.33
1617408000,96.33
1617494400,96.33
1617580800,96.5
1617667200,96.76
1617753600,96.66
1617840000,96.77
1617926400,96.67
1618012800,96.67
1618099200,96.67
1618185600,96.76
1618272000,96.88
1618358400,97.04
1618444800,97.09
1618531200,97.15
1618617600,97.15
1618704000,97.15
1618790400,97.4
1618876800,97.43
1618963200,97.49
1619049600,97.47
1619136000,97.6
1619222400,97.6
1619308800,97.6
1619395200,97.63
1619481600,97.59
1619568000,97.74
1619654400,97.74
1619740800,97.88
1619827200,97.88
1619913600,97.88
1620000000,98.01
1620086400,97.89
1620172800,97.92
1620259200,98.11
1620345600,98.57
1620432000,98.57
1620518400,98.57
1620604800,98.61
1620691200,98.56
1620777600,98.12
1620864000,98.2
1620950400,98.43
1621036800,98.43
1621123200,98.43
1621209600,98.45
1621296000,98.7
1621382400,98.49
1621468800,98.67
1621555200,98.55
1621641600,98.55
1621728000,98.55
1621814400,98.72
1621900800,98.82
1621987200,98.81
1622073600,98.82
1622160000,98.91
1622246400,98.91
1622332800,98.91
1622419200,99.73
1622505600,99.64
1622592000,99.66
1622678400,99.29
1622764800,99.53
1622851200,99.53
1622937600,99.53
1623024000,99.58
1623110400,99.51
1623196800,99.56
1623283200,99.59
1623369600,99.39
1623456000,99.39
1623542400,99.39
1623628800,99.35
1623715200,99.31
1623801600,99.02
1623888000,98.61
1623974400,98.43
1624060800,98.43
1624147200,98.43
1624233600,98.48
1624320000,98.42
1624406400,98.43
1624492800,98.47
1624579200,98.57
1624665600,98.57
1624752000,98.57
1624838400,98.55
1624924800,98.44
1625011200,99.29
1625097600,99.12
1625184000,99.22
1625270400,99.22
1625356800,99.22
1625443200,99.26
1625529600,99.08
1625616000,99.05
1625702400,99.11
1625788800,99.25
1625875200,99.25
1625961600,99.25
1626048000,99.22
1626134400,99.06
1626220800,99.26
1626307200,99.25
1626393600,99.09
1626480000,99.09
1626566400,99.09
1626652800,98.99
1626739200,98.96
1626825600,99.09
1626912000,99.07
1626998400,98.96
1627084800,98.96
1627171200,98.96
1627257600,99.05
1627344000,98.98
1627430400,99.17
1627516800,99.52
1627603200,99.41
1627689600,99.44
1627776000,99.44
1627862400,99.48
1627948800,99.46
1628035200,99.4
1628121600,99.39
1628208000,99.05
1628294400,99.05
1628380800,99.05
1628467200,98.97
1628553600,98.93
1628640000,99.03
1628726400,99
1628812800,99.22
1628899200,99.22
1628985600,99.22
1629072000,99.22
1629158400,98.97
1629244800,98.94
1629331200,98.74
1629417600,98.74
1629504000,98.74
1629590400,98.74
1629676800,98.97
1629763200,99.12
1629849600,99.11
1629936000,98.98
1630022400,99.2
1630108800,99.2
1630195200,99.2
1630281600,99.23
1630368000,99.82
1630454400,99.87
1630540800,99.98
1630627200,100.04
1630713600,100.04
1630800000,100.04
1630886400,99.98
1630972800,99.8
1631059200,99.74
1631145600,99.9
1631232000,99.91
1631318400,99.91
1631404800,99.91
1631491200,99.88
1631577600,99.94
1631664000,100.06
1631750400,99.75
1631836800,99.56
1631923200,99.56
1632009600,99.56
1632096000,99.57
1632182400,99.61
1632268800,99.51
1632355200,99.61
1632441600,99.46
1632528000,99.46
1632614400,99.46
1632700800,99.46
1632787200,99.29
1632873600,99
1632960000,100.03
1633046400,100.14
1633132800,100.14
1633219200,100.14
1633305600,100.19
1633392000,100.11
1633478400,100.02
1633564800,100.02
1633651200,100.01
1633737600,100.01
1633824000,100.01
1633910400,99.82
1633996800,99.77
1634083200,100.05
1634169600,99.98
1634256000,100
1634342400,100
1634428800,100
1634515200,100.01
1634601600,100.36
1634688000,100.34
1634774400,100.29
1634860800,100.42
1634947200,100.42
1635033600,100.42
1635120000,100.36
1635206400,100.32
1635292800,100.29
1635379200,100.44
1635465600,100.14
1635552000,100.14
1635638400,100.37
1635724800,100.42
1635811200,100.34
1635897600,100.4
1635984000,100.31
1636070400,100.39
1636156800,100.39
1636243200,100.39
1636329600,100.49
1636416000,100.54
1636502400,100.21
1636588800,100.12
1636675200,100.19
1636761600,100.19
1636848000,100.19
1636934400,100.03
1637020800,99.8
1637107200,99.95
1637193600,99.94
1637280000,99.78
1637366400,99.78
1637452800,99.78
1637539200,99.59
1637625600,99.51
1637712000,99.39
1637798400,99.44
1637884800,99.68
1637971200,99.68
1638057600,99.68
1638144000,99.69
1638230400,100.7
1638316800,100.67
1638403200,100.57
1638489600,100.59
1638576000,100.59
1638662400,100.59
1638748800,100.49
1638835200,100.55
1638921600,100.8
1639008000,100.52
1639094400,100.62
1639180800,100.62
1639267200,100.62
1639353600,100.55
1639440000,100.43
1639526400,100.46
1639612800,100.57
1639699200,100.32
1639785600,100.32
1639872000,100.32
1639958400,100.43
1640044800,100.48
1640131200,100.62
1640217600,100.66
1640304000,100.66
1640390400,100.66
1640476800,100.66
1640563200,100.62
1640649600,100.6
1640736000,100.63
1640822400,100.57
1640908800,101.67
1640995200,101.67
1641081600,101.67
1641168000,101.48
1641254400,101.3
1641340800,101.35
1641427200,101.22
1641513600,101.43
1641600000,101.43
1641686400,101.43
1641772800,101.41
1641859200,101.54
1641945600,101.88
1642032000,101.89
1642118400,101.86
1642204800,101.86
1642291200,101.86
1642377600,101.83
1642464000,101.64
1642550400,101.78
1642636800,101.78
1642723200,101.83
1642809600,101.83
1642896000,101.83
1642982400,101.77
1643068800,101.78
1643155200,101.61
1643241600,101.11
1643328000,101.14
1643414400,101.14
1643500800,101.14
1643587200,102.38
1643673600,102.53
1643760000,102.62
1643846400,102.77
1643932800,102.73
1644019200,102.73
1644105600,102.73
1644192000,102.77
1644278400,102.64
1644364800,102.7
1644451200,102.71
1644537600,102.59
1644624000,102.59
1644710400,102.59
1644796800,102.51
1644883200,102.72
1644969600,102.83
1645056000,102.82
1645142400,102.79
1645228800,102.79
1645315200,102.79
1645401600,102.74
1645488000,102.79
1645574400,102.82
1645660800,102.36
1645747200,102.6
1645833600,102.6
1645920000,102.6
1646006400,102.85
1646092800,102.57
1646179200,102.57
1646265600,102.45
1646352000,102.17
1646438400,102.17
1646524800,102.17
1646611200,101.84
1646697600,101.91
1646784000,102.51
1646870400,101.98
1646956800,101.63
1647043200,101.63
1647129600,101.63
1647216000,101.47
1647302400,101.52
1647388800,101.85
1647475200,101.98
1647561600,101.78
1647648000,101.78
1647734400,101.78
1647820800,101.68
1647907200,101.62
1647993600,101.58
1648080000,101.47
1648166400,101.5
1648252800,101.5
1648339200,101.5
1648425600,101.32
1648512000,101.73
1648598400,102.06
1648684800,103.27
1648771200,103.01
1648857600,103.01
1648944000,103.01
1649030400,102.92
1649116800,102.71
1649203200,102.65
1649289600,102.64
1649376000,102.59
1649462400,102.59
1649548800,102.59
1649635200,102.43
1649721600,102.36
1649808000,102.47
1649894400,102.27
1649980800,102.22
1650067200,102.22
1650153600,102.22
1650240000,102.09
1650326400,101.84
1650412800,101.89
1650499200,101.61
1650585600,101.15
1650672000,101.15
1650758400,101.15
1650844800,100.68
1650931200,100.56
1651017600,100.32
1651104000,99.66
1651190400,99.94
1651276800,100.24
1651363200,100.24
1651449600,100.11
1651536000,100.23
1651622400,100.56
1651708800,99.94
1651795200,99.78
1651881600,99.78
1651968000,99.78
1652054400,99.36
1652140800,99.29
1652227200,99.41
1652313600,98.94
1652400000,98.98
1652486400,98.98
1652572800,98.98
1652659200,99.06
1652745600,99.58
1652832000,99.36
1652918400,99.96
1653004800,100.05
1653091200,100.05
1653177600,100.05
1653264000,100.61
1653350400,100.75
1653436800,100.38
1653523200,100.14
1653609600,100.41
1653696000,100.41
1653782400,100.41
1653868800,100.72
1653955200,101.01
1654041600,100.6
1654128000,100.99
1654214400,100.83
1654300800,100.83
1654387200,100.83
1654473600,100.78
1654560000,100.64
1654646400,100.45
1654732800,100.23
1654819200,99.95
1654905600,99.95
1654992000,99.95
1655078400,99.33
1655164800,99.27
1655251200,99.71
1655337600,100.09
1655424000,99.65
1655510400,99.65
1655596800,99.65
1655683200,99.88
1655769600,99.9
1655856000,99.87
1655942400,99.89
1656028800,100.03
1656115200,100.03
1656201600,100.03
1656288000,100.06
1656374400,99.8
1656460800,99.69
1656547200,100.77
1656633600,100.6
1656720000,100.6
1656806400,100.6
1656892800,100.56
1656979200,99.96
1657065600,99.85
1657152000,99.9
1657238400,99.99
1657324800,99.99
1657411200,99.99
1657497600,99.41
1657584000,99.51
1657670400,99.56
1657756800,99.1
1657843200,99.36
1657929600,99.36
1658016000,99.36
1658102400,99.53
1658188800,99.73
1658275200,99.63
1658361600,99.58
1658448000,99.78
1658534400,99.78
1658620800,99.78
1658707200,99.78
1658793600,99.48
1658880000,99.75
1658966400,99.94
1659052800,100.09
1659139200,100.09
1659225600,100.2
1659312000,100.24
1659398400,100.04
1659484800,99.95
1659571200,100.2
1659657600,99.87
1659744000,99.87
1659830400,99.87
1659916800,99.96
1660003200,100
1660089600,100.54
1660176000,100.44
1660262400,100.3
1660348800,100.3
1660435200,100.3
1660521600,99.93
1660608000,99.8
1660694400,99.78
1660780800,99.5
1660867200,99.14
1660953600,99.14
1661040000,99.14
1661126400,98.74
1661212800,98.95
1661299200,98.77
1661385600,98.9
1661472000,98.63
1661558400,98.63
1661644800,98.63
1661731200,98.38
1661817600,98.37
1661904000,98.94
1661990400,98.54
1662076800,98.61
1662163200,98.61
1662249600,98.61
1662336000,98.35
1662422400,98.02
1662508800,98.08
1662595200,98.11
1662681600,98.52
1662768000,98.52
1662854400,98.52
1662940800,98.68
1663027200,98.22
1663113600,98.15
1663200000,97.9
1663286400,98
1663372800,98
1663459200,98
1663545600,97.9
1663632000,97.64
1663718400,97.21
1663804800,97.15
1663891200,96.46
1663977600,96.46
1664064000,96.46
1664150400,96.08
1664236800,95.86
1664323200,96.1
1664409600,96.66
1664496000,97.21
1664582400,97.21
1664668800,97.21
1664755200,97.37
1664841600,97.75
1664928000,97.46
1665014400,97.18
1665100800,97.05
1665187200,97.05
1665273600,97.05
1665360000,96.7
1665446400,96.57
1665532800,96.5
1665619200,96.73
1665705600,96.38
1665792000,96.38
1665878400,96.38
1665964800,96.64
1666051200,96.63
1666137600,96.26
1666224000,96.35
1666310400,96.54
1666396800,96.54
1666483200,96.54
1666569600,96.31
1666656000,96.56
1666742400,97.41
1666828800,96.95
1666915200,96.76
1667001600,96.76
1667088000,96.76
1667174400,95.81
1667260800,95.98
1667347200,95.8
1667433600,95.52
1667520000,96.71
1667606400,96.71
1667692800,96.71
1667779200,96.62
1667865600,96.69
1667952000,96.51
1668038400,97.64
1668124800,98.48
1668211200,98.48
1668297600,98.48
1668384000,98.51
1668470400,98.75
1668556800,98.61
1668643200,98.11
1668729600,98.24
1668816000,98.24
1668902400,98.24
1668988800,97.73
1669075200,98.05
1669161600,98.28
1669248000,98.45
1669334400,98.26
1669420800,98.26
1669507200,98.26
1669593600,97.92
1669680000,98.18
1669766400,99.28
1669852800,99.99
1669939200,100.2
1670025600,100.2
1670112000,100.2
1670198400,100.19
1670284800,99.91
1670371200,100.17
1670457600,100.29
1670544000,100.31
1670630400,100.31
1670716800,100.31
1670803200,100.1
1670889600,100.66
1670976000,100.7
1671062400,100.2
1671148800,100.18
1671235200,100.18
1671321600,100.18
1671408000,100.14
1671494400,100.61
1671580800,100.37
1671667200,100.38
1671753600,100.36
1671840000,100.36
1671926400,100.36
1672012800,100.53
1672099200,100.46
1672185600,100.2
1672272000,100.48
1672358400,101.04
1672444800,101.23
1672531200,101.23
1672617600,101.19
1672704000,100.83
1672790400,101.03
1672876800,100.83
1672963200,101.48
1673049600,101.48
1673136000,101.48
1673222400,102.11
1673308800,102.07
1673395200,102.14
1673481600,102.78
1673568000,103.07
1673654400,103.07
1673740800,103.07
1673827200,102.78
1673913600,102.58
1674000000,102.67
1674086400,102.61
1674172800,102.53
1674259200,102.53
1674345600,102.53
1674432000,102.47
1674518400,102.52
1674604800,102.65
1674691200,102.57
1674777600,102.54
1674864000,102.54
1674950400,102.54
1675036800,102.65
1675123200,103.78
1675209600,104.2
1675296000,104.12
1675382400,103.34
1675468800,103.34
1675555200,103.34
1675641600,102.97
1675728000,103.1
1675814400,103.05
1675900800,103.15
1675987200,102.88
1676073600,102.88
1676160000,102.88
1676246400,102.83
1676332800,102.79
1676419200,102.39
1676505600,102.31
1676592000,102.34
1676678400,102.34
1676764800,102.34
1676851200,102.37
1676937600,102.15
1677024000,101.95
1677110400,101.86
1677196800,101.31
1677283200,101.31
1677369600,101.31
1677456000,101.55
1677542400,101.69
1677628800,102.26
1677715200,101.79
1677801600,102.03
1677888000,102.03
1677974400,102.03
1678060800,101.94
1678147200,101.36
1678233600,101.4
1678320000,101.49
1678406400,102.03
1678492800,102.03
1678579200,102.03
1678665600,102.71
1678752000,102.5
1678838400,101.98
1678924800,102.12
1679011200,102.4
1679097600,102.4
1679184000,102.4
1679270400,102.62
1679356800,102.57
1679443200,102.83
1679529600,103.22
1679616000,102.8
1679702400,102.8
1679788800,102.8
1679875200,102.77
1679961600,102.97
1680048000,102.75
1680134400,102.99
1680220800,103.53
1680307200,103.53
1680393600,103.53
1680480000,103.64
1680566400,103.76
1680652800,103.69
1680739200,103.68
1680825600,103.67
1680912000,103.67
1680998400,103.67
1681084800,103.38
1681171200,103.47
1681257600,103.75
1681344000,103.97
1681430400,103.73
1681516800,103.73
1681603200,103.73
1681689600,103.49
1681776000,103.61
1681862400,103.47
1681948800,103.61
1682035200,103.51
1682121600,103.51
1682208000,103.51
1682294400,103.6
1682380800,103.25
1682467200,103.4
1682553600,103.42
1682640000,103.36
1682726400,103.36
1682812800,103.23
1682899200,103.06
1682985600,103.12
1683072000,103.42
1683158400,103.44
1683244800,103.45
1683331200,103.45
1683417600,103.45
1683504000,103.35
1683590400,103.25
1683676800,103.31
1683763200,103.03
1683849600,102.74
1683936000,102.74
1684022400,102.74
1684108800,102.82
1684195200,102.58
1684281600,102.35
1684368000,101.91
1684454400,102.2
1684540800,102.2
1684627200,102.2
1684713600,102
1684800000,101.8
1684886400,101.66
1684972800,101.44
1685059200,101.53
1685145600,101.53
1685232000,101.53
1685318400,101.46
1685404800,101.57
1685491200,101.53
1685577600,101.84
1685664000,101.73
1685750400,101.73
1685836800,101.73
1685923200,101.67
1686009600,101.52
1686096000,101.42
1686182400,101.78
1686268800,101.61
1686355200,101.61
1686441600,101.61
1686528000,101.48
1686614400,101.42
1686700800,101.54
1686787200,102.03
1686873600,101.9
1686960000,101.9
1687046400,101.9
1687132800,101.65
1687219200,101.52
1687305600,101.66
1687392000,101.51
1687478400,101.33
1687564800,101.33
1687651200,101.33
1687737600,101.04
1687824000,101.17
1687910400,100.88
1687996800,100.7
1688083200,101.64
1688169600,101.64
1688256000,101.64
1688342400,101.68
1688428800,101.79
1688515200,101.53
1688601600,101.55
1688688000,102.02
1688774400,102.02
1688860800,102.02
1688947200,102.07
1689033600,102.33
1689120000,102.96
1689206400,103.32
1689292800,103.29
1689379200,103.29
1689465600,103.29
1689552000,103.13
1689638400,103.06
1689724800,102.66
1689811200,102.77
1689897600,102.57
1689984000,102.57
1690070400,102.57
1690156800,102.53
1690243200,102.85
1690329600,102.89
1690416000,102.56
1690502400,102.65
1690588800,102.65
1690675200,102.65
1690761600,102.3
1690848000,101.99
1690934400,101.71
1691020800,101.86
1691107200,102
1691193600,102
1691280000,102
1691366400,101.82
1691452800,101.51
1691539200,101.56
1691625600,101.45
1691712000,101.24
1691798400,101.24
1691884800,101.24
1691971200,101
1692057600,100.85
1692144000,100.71
1692230400,100.79
1692316800,100.89
1692403200,100.89
1692489600,100.89
1692576000,100.85
1692662400,100.75
1692748800,100.98
1692835200,100.77
1692921600,100.64
1693008000,100.64
1693094400,100.64
1693180800,100.68
1693267200,100.89
1693353600,100.92
1693440000,101.17
1693526400,100.96
1693612800,100.96
1693699200,100.96
1693785600,100.92
1693872000,100.5
1693958400,100.39
1694044800,100.28
1694131200,100.19
1694217600,100.19
1694304000,100.19
1694390400,100.74
1694476800,100.68
1694563200,100.75
1694649600,100.56
1694736000,100.56
1694822400,100.56
1694908800,100.56
1694995200,100.55
1695081600,100.48
1695168000,100.47
1695254400,100.35
1695340800,100.31
1695427200,100.31
1695513600,100.31
1695600000,100.1
1695686400,100.02
1695772800,99.84
1695859200,100.05
1695945600,100.04
1696032000,100.44
1696118400,100.44
1696204800,100.15
1696291200,100.11
1696377600,100.2
1696464000,100.31
1696550400,100.35
1696636800,100.35
1696723200,100.35
1696809600,100.44
1696896000,100.52
1696982400,100.53
1697068800,100.28
1697155200,100.22
1697241600,100.22
1697328000,100.22
1697414400,100.33
1697500800,100.31
1697587200,100.17
1697673600,100.29
1697760000,100.31
1697846400,100.31
1697932800,100.31
1698019200,100.48
1698105600,100.36
1698192000,100.22
1698278400,100.23
1698364800,100.23
1698451200,100.23
1698537600,100.23
1698624000,100.42
1698710400,99.89
1698796800,99.96
1698883200,100.12
1698969600,100.54
1699056000,100.54
1699142400,100.54
1699228800,100.64
1699315200,100.53
1699401600,100.48
1699488000,100.34
1699574400,100.32
1699660800,100.32
1699747200,100.32
1699833600,100.36
1699920000,101.06
1700006400,100.99
1700092800,101.06
1700179200,101.39
1700265600,101.39
1700352000,101.39
1700438400,101.82
1700524800,101.95
1700611200,101.71
1700697600,101.79
1700784000,101.85
1700870400,101.85
1700956800,101.85
1701043200,101.94
1701129600,102.15
1701216000,102.21
1701302400,102.55
1701388800,102.67
1701475200,102.67
1701561600,102.67
1701648000,102.48
1701734400,102.39
1701820800,102.24
1701907200,102.53
1701993600,102.33
1702080000,102.33
1702166400,102.33
1702252800,102.21
1702339200,102.31
1702425600,102.68
1702512000,103.35
1702598400,103.09
1702684800,103.09
1702771200,103.09
1702857600,103
1702944000,103.12
1703030400,102.97
1703116800,103.19
1703203200,103.24
1703289600,103.24
1703376000,103.24
1703462400,103.21
1703548800,103.26
1703635200,103.45
1703721600,103.6
1703808000,103.65
1703894400,103.65
1703980800,104.17
1704067200,104.29
1704153600,103.59
1704240000,103.43
1704326400,103.35
1704412800,103.48
1704499200,103.48
1704585600,103.48
1704672000,103.46
1704758400,103.29
1704844800,103.27
1704931200,103.35
1705017600,103.35
1705104000,103.35
1705190400,103.35
1705276800,103.25
1705363200,102.84
1705449600,102.75
1705536000,102.75
1705622400,102.82
1705708800,102.82
1705795200,102.82
1705881600,102.79
1705968000,102.83
1706054400,103.07
1706140800,102.9
1706227200,102.85
1706313600,102.85
1706400000,102.85
1706486400,102.84
1706572800,102.89
1706659200,103.55
1706745600,103.63
1706832000,103.22
1706918400,103.22
1707004800,103.22
1707091200,103.05
1707177600,103.21
1707264000,103.19
1707350400,103.11
1707436800,103.15
1707523200,103.15
1707609600,103.15
1707696000,103.14
1707782400,102.89
1707868800,102.94
1707955200,103.08
1708041600,103.06
1708128000,103.06
1708214400,103.06
1708300800,103.03
1708387200,103.13
1708473600,103.15
1708560000,103.1
1708646400,103.05
1708732800,103.05
1708819200,103.05
1708905600,103.12
1708992000,103.13
1709078400,103.09
1709164800,103.48
1709251200,103.49
1709337600,103.49
1709424000,103.49
1709510400,103.49
1709596800,103.54
1709683200,103.67
1709769600,103.9
1709856000,103.98
1709942400,103.98
1710028800,103.98
1710115200,103.98
1710201600,103.96
1710288000,103.95
1710374400,103.72
1710460800,103.64
1710547200,103.64
1710633600,103.64
1710720000,103.58
1710806400,103.45
1710892800,103.57
1710979200,103.39
1711065600,103.1
1711152000,103.1
1711238400,103.1
1711324800,103.28
1711411200,103.23
1711497600,103.17
1711584000,103.08
1711670400,103.14
1711756800,103.14
1711843200,104.13
1711929600,103.94
1712016000,103.98
1712102400,104.12
1712188800,104.14
1712275200,104.11
1712361600,104.11
1712448000,104.11
1712534400,104.17
1712620800,104.18
1712707200,103.81
1712793600,103.75
1712880000,103.53
1712966400,103.53
1713052800,103.53
1713139200,103.43
1713225600,103.33
1713312000,103.47
1713398400,103.39
1713484800,103.39
1713571200,103.39
1713657600,103.39
1713744000,103.35
1713830400,103.48
1713916800,103.43
1714003200,103.53
1714089600,103.29
1714176000,103.29
1714262400,103.29
1714348800,103.52
1714435200,103.06
1714521600,103.35
1714608000,103.48
1714694400,103.61
1714780800,103.61
1714867200,103.61
1714953600,103.77
1715040000,103.62
1715126400,103.51
1715212800,103.6
1715299200,103.51
1715385600,103.51
1715472000,103.51
1715558400,103.51
1715644800,103.57
1715731200,103.91
1715817600,103.85
1715904000,103.82
1715990400,103.82
1716076800,103.82
1716163200,103.71
1716249600,103.68
1716336000,103.56
1716422400,103.5
1716508800,103.59
1716595200,103.59
1716681600,103.59
1716768000,103.63
1716854400,103.61
1716940800,103.4
1717027200,103.6
1717113600,103.83
1717200000,103.83
1717286400,103.83
1717372800,104
1717459200,104
1717545600,103.89
1717632000,103.96
1717718400,103.65
1717804800,103.65
1717891200,103.65
1717977600,103.61
1718064000,103.5
1718150400,103.75
1718236800,103.55
1718323200,103.41
1718409600,103.41
1718496000,103.41
1718582400,103.45
1718668800,103.53
1718755200,103.53
1718841600,103.32
1718928000,103.24
1719014400,103.24
1719100800,103.24
1719187200,103.37
1719273600,103.3
1719360000,103.11
1719446400,103.17
1719532800,103.17
1719619200,103.17
1719705600,103.88
1719792000,103.84
1719878400,103.83
1719964800,103.94
1720051200,104.04
1720137600,104.14
1720224000,104.14
1720310400,104.14
1720396800,104.14
1720483200,104.08
1720569600,104.07
1720656000,104.42
1720742400,104.58
1720828800,104.58
1720915200,104.58
1721001600,104.47
1721088000,104.42
1721174400,104.65
1721260800,104.46
1721347200,104.34
1721433600,104.34
1721520000,104.34
1721606400,104.38
1721692800,104.36
1721779200,104.5
1721865600,104.68
1721952000,104.58
1722038400,104.58
1722124800,104.58
1722211200,104.44
1722297600,104.56
1722384000,104.75
1722470400,104.49
1722556800,105.37
1722643200,105.37
1722729600,105.37
1722816000,105.76
1722902400,105.5
1722988800,105.26
1723075200,105.3
1723161600,105.39
1723248000,105.39
1723334400,105.39
1723420800,105.27
1723507200,105.58
1723593600,105.7
1723680000,105.4
1723766400,105.58
1723852800,105.58
1723939200,105.58
1724025600,105.93
1724112000,106.11
1724198400,106.14
1724284800,105.9
1724371200,106.38
1724457600,106.38
1724544000,106.38
1724630400,106.33
1724716800,106.38
1724803200,106.22
1724889600,106.26
1724976000,106.17
1725062400,106.63
1725148800,106.63
1725235200,106.47
1725321600,106.49
1725408000,106.74
1725494400,106.94
1725580800,106.92
1725667200,106.92
1725753600,106.92
1725840000,106.62
1725926400,106.55
1726012800,106.55
1726099200,106.76
1726185600,107
1726272000,107
1726358400,107
1726444800,107.16
1726531200,107
1726617600,107.07
1726704000,107.25
1726790400,107.27
1726876800,107.27
1726963200,107.27
1727049600,107.22
1727136000,107.53
1727222400,107.3
1727308800,107.55
1727395200,107.65
1727481600,107.65
1727568000,107.65
1727654400,108.38
1727740800,108.12
1727827200,107.88
1727913600,107.71
1728000000,107.67
1728086400,107.67
1728172800,107.67
1728259200,107.68
1728345600,107.39
1728432000,107.1
1728518400,107.15
1728604800,107.2
1728691200,107.2
1728777600,107.2
1728864000,106.98
1728950400,106.75
1729036800,106.65
1729123200,106.54
1729209600,106.79
1729296000,106.79
1729382400,106.79
1729468800,106.5
1729555200,106.44
1729641600,106.29
1729728000,106.46
1729814400,106.33
1729900800,106.33
1729987200,106.33
1730073600,106.29
1730160000,106.25
1730246400,106.4
1730332800,106.73
1730419200,106.53
1730505600,106.53
1730592000,106.53
1730678400,106.82
1730764800,106.96
1730851200,105.94
1730937600,106.46
1731024000,106.04
1731110400,106.04
1731196800,106.04
1731283200,105.67
1731369600,105.34
1731456000,105.2
1731542400,105.06
1731628800,105.14
1731715200,105.14
1731801600,105.14
1731888000,105.25
1731974400,105.24
1732060800,105.04
1732147200,104.98
1732233600,104.76
1732320000,104.76
1732406400,104.76
1732492800,105
1732579200,104.92
1732665600,105.14
1732752000,105.15
1732838400,105.33
1732924800,106.06
1733011200,106.06
1733097600,105.71
1733184000,105.67
1733270400,105.77
1733356800,106.03
1733443200,105.91
1733529600,105.91
1733616000,105.91
1733702400,105.89
1733788800,105.84
1733875200,105.69
1733961600,105.54
1734048000,105.46
1734134400,105.46
1734220800,105.46
1734307200,105.42
1734393600,105.41
1734480000,104.98
1734566400,104.82
1734652800,105.05
1734739200,105.05
1734825600,105.05
1734912000,104.93
1734998400,104.95
1735084800,104.89
1735171200,104.91
1735257600,104.86
1735344000,104.86
1735430400,104.86
1735516800,104.82
1735603200,105.31
1735689600,105.25
1735776000,105.09
1735862400,105.06
1735948800,105.06
1736035200,105.06
1736121600,105.28
1736208000,105.13
1736294400,105.03
1736380800,105.01
1736467200,104.86
1736553600,104.86
1736640000,104.86
1736726400,104.88
1736812800,104.99
1736899200,105.07
1736985600,105.12
1737072000,105.01
1737158400,105.01
1737244800,105.01
1737331200,105.57
1737417600,105.78
1737504000,105.69
1737590400,105.65
1737676800,106.12
1737763200,106.12
1737849600,106.12
1737936000,106.15
1738022400,105.97
1738108800,105.96
1738195200,105.93
1738281600,106.59
1738368000,106.59
1738454400,106.59
1738540800,106.62
1738627200,106.73
1738713600,106.77
1738800000,106.71
1738886400,106.58
1738972800,106.58
1739059200,106.58
1739145600,106.42
1739232000,106.5
1739318400,106.44
1739404800,106.93
1739491200,107.21
1739577600,107.21
1739664000,107.21
1739750400,107.2
1739836800,107.01
1739923200,106.98
1740009600,107.45
1740096000,107.38
1740182400,107.38
1740268800,107.38
1740355200,107.4
1740441600,107.51
1740528000,107.4
1740614400,106.98
1740700800,107.33
1740787200,107.33
1740873600,107.33
1740960000,107.58
1741046400,107.99
1741132800,108.45
1741219200,108.55
1741305600,108.68
1741392000,108.68
1741478400,108.68
1741564800,108.57
1741651200,108.92
1741737600,108.79
1741824000,108.72
1741910400,108.79
1741996800,108.79
1742083200,108.79
1742169600,108.94
1742256000,109.03
1742342400,108.92
1742428800,108.68
1742515200,108.57
1742601600,108.57
1742688000,108.57
1742774400,108.46
1742860800,108.48
1742947200,108.28
1743033600,108.36
1743120000,108.44
1743206400,108.44
1743292800,108.44
1743379200,109.47
1743465600,109.37
1743552000,109.54
1743638400,110.08
1743724800,109.69
1743811200,109.69
1743897600,109.69
1743984000,109.28
1744070400,109.25
1744156800,109.76
1744243200,110.14
1744329600,110.72
1744416000,110.72
1744502400,110.72
1744588800,110.67
1744675200,110.48
1744761600,110.88
1744848000,110.84
1744934400,110.93
1745020800,110.93
1745107200,110.93
1745193600,111.32
1745280000,110.9
1745366400,110.8
1745452800,110.97
1745539200,110.88
1745625600,110.88
1745712000,110.88
1745798400,111.08
1745884800,111.19
1745971200,111.3
1746057600,111.05
1746144000,111.19
1746230400,111.19
1746316800,111.19
1746403200,111.46
1746489600,111.9
1746576000,111.61
1746662400,111.25
1746748800,111.33
1746835200,111.33
1746921600,111.33
1747008000,111.02
1747094400,111.32
1747180800,111.3
1747267200,111.42
1747353600,111.34
1747440000,111.34
1747526400,111.34
1747612800,111.53
1747699200,111.61
1747785600,111.88
1747872000,111.74
1747958400,112.23
1748044800,112.23
1748131200,112.23
1748217600,112.22
1748304000,111.93
1748390400,111.82
1748476800,112.12
1748563200,111.97
1748649600,112.29
1748736000,112.29
1748822400,112.55
1748908800,112.43
1748995200,112.62
1749081600,112.73
1749168000,112.44
1749254400,112.44
1749340800,112.44
1749427200,112.56
1749513600,112.49
1749600000,112.6
1749686400,113
1749772800,112.85
1749859200,112.85
1749945600,112.85
1750032000,112.88
1750118400,112.59
1750204800,112.57
1750291200,112.58
1750377600,112.74
1750464000,112.74
1750550400,112.74
1750636800,112.74
1750723200,112.98
1750809600,113.04
1750896000,113.28
1750982400,113.26
1751068800,113.26
1751155200,113.26
1751241600,114.47
1751328000,114.53
1751414400,114.48
1751500800,114.34
1751587200,114.41
1751673600,114.41
1751760000,114.41
1751846400,114.08
1751932800,114.09
1752019200,114.03
1752105600,114.12
1752192000,113.95
1752278400,113.95
1752364800,113.95
1752451200,113.86
1752537600,113.62
1752624000,113.7
1752710400,113.6
1752796800,113.63
1752883200,113.63
1752969600,113.63
1753056000,113.88
1753142400,114.06
1753228800,114.24
1753315200,114.14
1753401600,113.95
1753488000,113.95
1753574400,113.95
1753660800,113.47
1753747200,113.41
1753833600,112.93
1753920000,112.96
1754006400,113.47
1754092800,113.47
1754179200,113.47
1754265600,113.65
1754352000,113.62
1754438400,113.82
1754524800,113.91
1754611200,113.8
1754697600,113.8
1754784000,113.8
1754870400,113.69
1754956800,113.87
1755043200,114.05
1755129600,113.84
1755216000,113.97
1755302400,113.97
1755388800,113.97
1755475200,113.81
1755561600,113.78
1755648000,113.84
1755734400,113.63
1755820800,114.09
1755907200,114.09
1755993600,114.09
1756080000,113.92
1756166400,113.97
1756252800,113.99
1756339200,114.25
1756425600,114.24
1756512000,114.24
1756598400,114.25
1756684800,114.23
1756771200,113.96
1756857600,114.01
1756944000,113.95
1757030400,114.24
1757116800,114.24
1757203200,114.24
1757289600,114.8
1757376000,114.74
1757462400,114.73
1757548800,114.84
1757635200,114.78
1757721600,114.78
1757808000,114.78
1757894400,114.95
1757980800,115.25
1758067200,115.18
1758153600,114.98
1758240000,114.85
1758326400,114.85
1758412800,114.85
1758499200,114.98
1758585600,115.02
1758672000,114.63
1758758400,114.36
1758844800,114.48
1758931200,114.48
1759017600,114.43
1759104000,114.64
1759190400,114.71
1759276800,114.76
1759363200,114.7
1759449600,114.76
1759536000,114.76
