time,ExchangeNetflow
1514764800,60389.0923
1514851200,109369.3155
1514937600,83206.22699
1515024000,98097.68109
1515110400,113968.3357
1515196800,72013.46727
1515283200,74433.648
1515369600,127656.3703
1515456000,90633.56461
1515542400,117553.0559
1515628800,148302.2304
1515715200,94675.01115
1515801600,78337.87321
1515888000,92251.14278
1515974400,97045.65122
1516060800,298922.4778
1516147200,304454.0326
1516233600,196102.3857
1516320000,125101.1731
1516406400,112602.9048
1516492800,137046.6835
1516579200,159883.8242
1516665600,160066.9373
1516752000,116169.1425
1516838400,103312.1768
1516924800,133505.1996
1517011200,90331.89011
1517097600,78289.46008
1517184000,71495.12895
1517270400,148010.0376
1517356800,119526.2398
1517443200,214268.1986
1517529600,277133.0756
1517616000,138156.688
1517702400,185200.4504
1517788800,364781.7769
1517875200,470577.4881
1517961600,253654.6028
1518048000,132097.1125
1518134400,134702.3847
1518220800,167953.1204
1518307200,142291.4479
1518393600,138366.3932
1518480000,117188.3072
1518566400,142597.5176
1518652800,174632.6095
1518739200,127606.6447
1518825600,147976.3545
1518912000,181811.1842
1518998400,133328.2222
1519084800,164752.4212
1519171200,210664.1145
1519257600,199047.0813
1519344000,169149.4303
1519430400,143348.1089
1519516800,104956.968
1519603200,135089.332
1519689600,117002.6066
1519776000,124186.4458
1519862400,107509.5463
1519948800,100341.4042
1520035200,100471.7612
1520121600,91707.11684
1520208000,95895.0136
1520294400,137285.221
1520380800,222639.0138
1520467200,206529.258
1520553600,249734.9615
1520640000,159868.8812
1520726400,182157.7881
1520812800,173263.3241
1520899200,159635.2485
1520985600,216713.0371
1521072000,204617.9483
1521158400,159259.1336
1521244800,148858.7029
1521331200,244085.9285
1521417600,201120.2877
1521504000,173239.2927
1521590400,142768.4123
1521676800,147322.0733
1521763200,133521.0917
1521849600,124265.8438
1521936000,111099.4658
1522022400,176828.1709
1522108800,145617.9044
1522195200,127190.3294
1522281600,250782.2752
1522368000,277917.2632
1522454400,181313.9244
1522540800,181823.5364
1522627200,141921.6045
1522713600,153684.8113
1522800000,163231.095
1522886400,136523.7502
1522972800,111654.2365
1523059200,108972.4006
1523145600,94009.40731
1523232000,156442.7129
1523318400,85146.6684
1523404800,94924.8059
1523491200,145552.008
1523577600,118590.6868
1523664000,76072.54164
1523750400,80674.1501
1523836800,80888.32746
1523923200,77154.218
1524009600,68329.69225
1524096000,76963.26
1524182400,106740.0761
1524268800,97500.88795
1524355200,76294.34822
1524441600,83377.05491
1524528000,145235.9977
1524614400,170908.5791
1524700800,103525.5375
1524787200,85770.58278
1524873600,96507.81434
1524960000,78101.59912
1525046400,72813.99403
1525132800,77621.20676
1525219200,73361.62376
1525305600,88107.0727
1525392000,67869.52625
1525478400,66334.91071
1525564800,66901.28414
1525651200,76565.30012
1525737600,63716.93386
1525824000,61043.2524
1525910400,84981.23613
1525996800,113617.2417
1526083200,84715.77125
1526169600,72424.42765
1526256000,93019.79482
1526342400,80712.74981
1526428800,71546.8277
1526515200,68852.27812
1526601600,54985.07838
1526688000,41310.24647
1526774400,51564.21692
1526860800,55474.01288
1526947200,68128.75796
1527033600,112649.6791
1527120000,80184.6967
1527206400,60968.06664
1527292800,44997.65306
1527379200,56652.84486
1527465600,78397.33861
1527552000,80771.04537
1527638400,72727.41856
1527724800,55003.58362
1527811200,50292.77281
1527897600,45577.58791
1527984000,52137.7613
1528070400,60262.80027
1528156800,61613.52793
1528243200,52323.54272
1528329600,46567.90273
1528416000,40612.35232
1528502400,45201.09571
1528588800,89286.38825
1528675200,58612.13465
1528761600,62645.40898
1528848000,84118.22525
1528934400,73455.61952
1529020800,45844.07482
1529107200,34655.54258
1529193600,31205.55059
1529280000,49866.86578
1529366400,39895.57961
1529452800,38670.52926
1529539200,46442.51492
1529625600,85280.63467
1529712000,45208.79552
1529798400,76140.85785
1529884800,57909.09651
1529971200,37868.52464
1530057600,35426.74915
1530144000,50532.93183
1530230400,60164.76345
1530316800,52679.74143
1530403200,43148.25947
1530489600,56390.57878
1530576000,58549.61803
1530662400,44367.64475
1530748800,56873.78454
1530835200,43521.40975
1530921600,40734.66015
1531008000,37815.20805
1531094400,50625.47974
1531180800,63069.60208
1531267200,48741.54716
1531353600,50412.31984
1531440000,40329.41965
1531526400,31593.74417
1531612800,38588.74823
1531699200,58375.57487
1531785600,91024.35302
1531872000,91896.21114
1531958400,65793.44888
1532044800,72036.42105
1532131200,42690.6307
1532217600,53043.20685
1532304000,83194.12639
1532390400,105346.6312
1532476800,73112.46953
1532563200,71486.47508
1532649600,63732.55325
1532736000,39166.68398
1532822400,41575.83508
1532908800,80918.07611
1532995200,90005.96478
1533081600,79142.86228
1533168000,66488.11095
1533254400,77186.33501
1533340800,61830.76498
1533427200,54130.34554
1533513600,58088.50222
1533600000,82042.8882
1533686400,99898.01047
1533772800,81370.77816
1533859200,94957.28984
1533945600,76120.81925
1534032000,65660.37872
1534118400,87333.53105
1534204800,89705.12313
1534291200,109651.7377
1534377600,81031.26961
1534464000,91223.9513
1534550400,72724.96148
1534636800,64044.94336
1534723200,71683.55964
1534809600,68630.29003
1534896000,108009.6523
1534982400,49284.46934
1535068800,51141.33345
1535155200,31027.80087
1535241600,31788.88948
1535328000,50510.1616
1535414400,67158.97583
1535500800,57658.74327
1535587200,58712.38431
1535673600,56792.8505
1535760000,57360.65907
1535846400,53770.46449
1535932800,46501.10091
1536019200,89874.87038
1536105600,150436.2985
1536192000,149220.7179
1536278400,113959.5398
1536364800,113102.5993
1536451200,83536.71578
1536537600,47425.2553
1536624000,47378.20985
1536710400,41821.00111
1536796800,49355.33852
1536883200,43013.87573
1536969600,28081.26324
1537056000,31419.99233
1537142400,43178.98729
1537228800,39348.89344
1537315200,49482.30753
1537401600,33228.7655
1537488000,63564.80059
1537574400,37596.92874
1537660800,36033.1753
1537747200,41974.66018
1537833600,51535.55392
1537920000,39709.04678
1538006400,40067.32251
1538092800,53009.56111
1538179200,37098.70857
1538265600,33609.14319
1538352000,28988.43023
1538438400,35914.71279
1538524800,36727.36836
1538611200,27314.07737
1538697600,23222.34082
1538784000,16190.36707
1538870400,23100.6795
1538956800,29112.07772
1539043200,20404.77267
1539129600,24508.165
1539216000,63488.98994
1539302400,36159.84635
1539388800,24652.95576
1539475200,21919.09675
1539561600,115178.055
1539648000,36224.30773
1539734400,33404.6521
1539820800,27871.27302
1539907200,26642.08753
1539993600,24006.31482
1540080000,10779.57889
1540166400,21305.47763
1540252800,19773.43472
1540339200,18810.06038
1540425600,16920.15468
1540512000,16493.32859
1540598400,12031.40653
1540684800,9884.841481
1540771200,22752.76855
1540857600,14969.91437
1540944000,20909.34952
1541030400,14658.33996
1541116800,15928.28752
1541203200,12055.67532
1541289600,16967.77243
1541376000,14898.20639
1541462400,19817.82057
1541548800,24550.69019
1541635200,27535.66451
1541721600,24938.96702
1541808000,19739.90221
1541894400,20831.2538
1541980800,21345.17496
1542067200,22151.42997
1542153600,81544.73521
1542240000,78185.0391
1542326400,55551.15453
1542412800,37293.76508
1542499200,34412.94037
1542585600,109723.5579
1542672000,169672.2328
1542758400,91791.65117
1542844800,55580.06525
1542931200,76728.89025
1543017600,90251.8056
1543104000,144763.6772
1543190400,134534.8656
1543276800,100461.7562
1543363200,131210.1637
1543449600,104654.6248
1543536000,96875.14487
1543622400,65032.00863
1543708800,59952.39015
1543795200,73978.05774
1543881600,73687.6278
1543968000,69416.107
1544054400,96384.37897
1544140800,134822.1778
1544227200,76672.43425
1544313600,64841.51246
1544400000,63840.80287
1544486400,53504.39627
1544572800,53783.9845
1544659200,64476.19836
1544745600,69662.95699
1544832000,47080.34561
1544918400,42853.55111
1545004800,96593.85021
1545091200,88875.87226
1545177600,130296.7456
1545264000,157502.3151
1545350400,136006.5019
1545436800,83182.38628
1545523200,77028.81221
1545609600,107347.7332
1545696000,103445.593
1545782400,81334.5891
1545868800,85073.16619
1545955200,87358.16848
1546041600,72827.43546
1546128000,57258.32497
1546214400,62092.32862
1546300800,55338.66206
1546387200,64783.36828
1546473600,59080.15357
1546560000,63172.26306
1546646400,59700.79538
1546732800,68010.66528
1546819200,70432.36139
1546905600,86581.87991
1546992000,67930.78564
1547078400,110802.3946
1547164800,75921.75295
1547251200,45069.24012
1547337600,52621.70568
1547424000,65200.311
1547510400,63295.2859
1547596800,69556.99456
1547683200,76586.99093
1547769600,59501.07632
1547856000,56294.90956
1547942400,63842.68217
1548028800,50909.24007
1548115200,64747.64932
1548201600,66656.57887
1548288000,61235.59275
1548374400,58692.72529
1548460800,58783.17003
1548547200,62999.87877
1548633600,87373.97424
1548720000,73284.98187
1548806400,65909.15883
1548892800,70991.92682
1548979200,48421.79479
1549065600,32972.51455
1549152000,34544.22797
1549238400,38046.86663
1549324800,40925.03843
1549411200,53450.93855
1549497600,34397.55087
1549584000,75014.95618
1549670400,41163.04345
1549756800,39779.64073
1549843200,44705.75118
1549929600,49999.51222
1550016000,43426.79595
1550102400,37028.35055
1550188800,37233.95096
1550275200,32493.87977
1550361600,40326.30689
1550448000,89842.13799
1550534400,73196.55884
1550620800,56023.25412
1550707200,48105.98157
1550793600,40386.67787
1550880000,51581.62496
1550966400,88093.92934
1551052800,55842.53873
1551139200,41656.48866
1551225600,45824.97672
1551312000,46649.16749
1551398400,32644.99966
1551484800,26366.93845
1551571200,22966.71367
1551657600,46332.4372
1551744000,45190.08048
1551830400,36572.16223
1551916800,39366.37459
1552003200,47187.57735
1552089600,41167.93622
1552176000,30423.69697
1552262400,64303.96745
1552348800,48196.12143
1552435200,38349.73611
1552521600,52741.83931
1552608000,48403.34686
1552694400,55623.65948
1552780800,43536.74791
1552867200,47292.57136
1552953600,44734.94573
1553040000,30463.49546
1553126400,62892.90308
1553212800,40419.92585
1553299200,38103.66073
1553385600,40562.59656
1553472000,56318.03032
1553558400,43905.78955
1553644800,51356.75815
1553731200,32115.38824
1553817600,47210.32923
1553904000,35299.52419
1553990400,27359.79302
1554076800,47169.79901
1554163200,152344.2087
1554249600,155580.6954
1554336000,90339.25896
1554422400,65261.1119
1554508800,64816.99302
1554595200,61350.84483
1554681600,80652.23904
1554768000,61776.50566
1554854400,71273.73874
1554940800,90248.3242
1555027200,61375.64217
1555113600,38184.0745
1555200000,40398.34889
1555286400,58133.62497
1555372800,52608.35155
1555459200,56105.42194
1555545600,54591.45743
1555632000,54181.48632
1555718400,42848.94945
1555804800,51858.73201
1555891200,56885.16658
1555977600,73181.84239
1556064000,81555.93691
1556150400,81846.59666
1556236800,85001.87436
1556323200,38269.41373
1556409600,37140.91273
1556496000,42149.8237
1556582400,46069.74584
1556668800,40763.35175
1556755200,48336.00512
1556841600,80967.36739
1556928000,69425.40078
1557014400,48986.1632
1557100800,49459.86193
1557187200,73023.33986
1557273600,50589.26012
1557360000,58075.49351
1557446400,74983.3222
1557532800,127628.2085
1557619200,149941.1968
1557705600,145950.0827
1557792000,131400.2747
1557878400,65548.14923
1557964800,21284.25293
1558051200,32706.86459
1558137600,9684.38048
1558224000,19213.94009
1558310400,16541.66933
1558396800,9428.041564
1558483200,10534.30161
1558569600,10809.14093
1558656000,11886.10995
1558742400,4707.421424
1558828800,11094.70543
1558915200,11890.34399
1559001600,7780.889332
1559088000,9646.157995
1559174400,19082.69482
1559260800,12228.43116
1559347200,6536.08666
1559433600,5891.200607
1559520000,12557.67322
1559606400,19523.48908
1559692800,11596.44187
1559779200,10421.42168
1559865600,10491.50045
1559952000,5909.826281
1560038400,5249.195727
1560124800,8987.992903
1560211200,6955.957107
1560297600,10430.97385
1560384000,8966.12048
1560470400,10909.39015
1560556800,6961.163961
1560643200,19035.27738
1560729600,15396.75211
1560816000,13684.60874
1560902400,6240.541592
1560988800,10421.74115
1561075200,16024.72113
1561161600,21154.13432
1561248000,10884.49145
1561334400,10511.14909
1561420800,16461.12873
1561507200,48354.0005
1561593600,47850.26326
1561680000,25821.75252
1561766400,17610.31544
1561852800,17816.55613
1561939200,29570.23021
1562025600,28978.07592
1562112000,29718.52522
1562198400,17718.5902
1562284800,20392.41299
1562371200,14409.3732
1562457600,12525.79114
1562544000,19277.87604
1562630400,20361.016
1562716800,29210.21379
1562803200,25981.70755
1562889600,16442.71571
1562976000,17941.74865
1563062400,22259.35628
1563148800,31688.45425
1563235200,31498.78728
1563321600,29973.73516
1563408000,33314.12593
1563494400,25948.89845
1563580800,22609.30869
1563667200,9619.800474
1563753600,21933.03363
1563840000,22939.63817
1563926400,24048.23704
1564012800,21459.16986
1564099200,21539.59802
1564185600,27694.65051
1564272000,20681.01574
1564358400,21894.20683
1564444800,21778.16051
1564531200,24827.41591
1564617600,22014.6391
1564704000,23501.08863
1564790400,20539.32127
1564876800,21228.89467
1564963200,33188.48595
1565049600,31732.34566
1565136000,31009.69511
1565222400,24327.64774
1565308800,19493.43999
1565395200,18204.49543
1565481600,13976.62234
1565568000,11529.24702
1565654400,18587.92577
1565740800,27786.55852
1565827200,35828.39796
1565913600,28249.04186
1566000000,17554.38344
1566086400,15389.50974
1566172800,19207.32851
1566259200,16621.90795
1566345600,23662.25788
1566432000,20732.05205
1566518400,16259.92911
1566604800,17064.54744
1566691200,16817.03167
1566777600,20774.74518
1566864000,15115.54391
1566950400,20322.43113
1567036800,19674.82448
1567123200,14899.97865
1567209600,6238.187344
1567296000,7633.247749
1567382400,13989.84915
1567468800,20245.99869
1567555200,17908.70496
1567641600,10281.1541
1567728000,18297.84189
1567814400,6642.980389
1567900800,6367.715986
1567987200,11664.95927
1568073600,9092.032607
1568160000,8146.649615
1568246400,8454.798597
1568332800,6774.889964
1568419200,4878.83203
1568505600,4271.173643
1568592000,7719.467911
1568678400,6634.204711
1568764800,5261.487745
1568851200,11541.66455
1568937600,5766.650137
1569024000,5417.364403
1569110400,4620.46975
1569196800,7602.857486
1569283200,37472.64691
1569369600,22000.71819
1569456000,20837.90311
1569542400,12607.26789
1569628800,7964.133705
1569715200,7122.124977
1569801600,12833.44507
1569888000,12614.20118
1569974400,6386.283633
1570060800,10315.50451
1570147200,7749.084278
1570233600,5530.513607
1570320000,8949.789402
1570406400,13575.77293
1570492800,5676.305764
1570579200,14368.10253
1570665600,9412.377162
1570752000,10403.67277
1570838400,2795.392265
1570924800,5985.346193
1571011200,5915.091494
1571097600,6562.744379
1571184000,10291.44792
1571270400,6807.916897
1571356800,7390.485431
1571443200,4958.377494
1571529600,7954.487002
1571616000,6249.155888
1571702400,7026.549464
1571788800,16944.58638
1571875200,6596.480636
1571961600,24061.68422
1572048000,48954.66722
1572134400,22229.44809
1572220800,18243.82992
1572307200,11265.96002
1572393600,11469.79318
1572480000,12317.39384
1572566400,8381.68175
1572652800,3974.771233
1572739200,3717.806314
1572825600,6686.022235
1572912000,6936.289182
1572998400,6087.177218
1573084800,5468.072353
1573171200,12413.41247
1573257600,3439.745609
1573344000,4220.540298
1573430400,8310.619532
1573516800,6264.056714
1573603200,4219.239264
1573689600,4750.36336
1573776000,7392.296412
1573862400,2014.160768
1573948800,3153.293996
1574035200,6866.45824
1574121600,6224.953616
1574208000,4202.979327
1574294400,12321.74227
1574380800,26207.10205
1574467200,7798.437507
1574553600,8680.123761
1574640000,24938.82088
1574726400,10017.29715
1574812800,19829.76948
1574899200,9362.021305
1574985600,10229.36241
1575072000,7482.738263
1575158400,8078.124593
1575244800,6131.613611
1575331200,3877.07669
1575417600,11230.79869
1575504000,6797.123435
1575590400,5787.591655
1575676800,3385.845335
1575763200,2988.672371
1575849600,8463.693342
1575936000,5780.41306
1576022400,4473.05009
1576108800,5772.66002
1576195200,4159.280147
1576281600,3455.819321
1576368000,3144.364227
1576454400,7690.961939
1576540800,9249.917024
1576627200,16742.94256
1576713600,8629.661407
1576800000,4380.460274
1576886400,2351.20494
1576972800,5281.973598
1577059200,9971.108113
1577145600,6128.549958
1577232000,2640.371658
1577318400,4521.048207
1577404800,5328.281089
1577491200,2637.571656
1577577600,4085.305969
1577664000,4833.130285
1577750400,3738.205816
1577836800,1878.252717
1577923200,5813.397615
1578009600,11663.35056
1578096000,4666.70263
1578182400,4911.108163
1578268800,9535.53433
1578355200,16868.59977
1578441600,18147.33723
1578528000,9036.859756
1578614400,13400.76553
1578700800,7262.137664
1578787200,3884.345391
1578873600,5388.538757
1578960000,23894.83244
1579046400,13328.9388
1579132800,9344.053824
1579219200,12685.72443
1579305600,5754.429354
1579392000,13061.68955
1579478400,6479.327667
1579564800,5267.467459
1579651200,4473.863362
1579737600,11366.87163
1579824000,8810.918512
1579910400,4113.662936
1579996800,7883.088417
1580083200,12717.14984
1580169600,13087.06375
1580256000,9470.038742
1580342400,11638.8737
1580428800,8066.227336
1580515200,3785.441403
1580601600,6268.009845
1580688000,7772.496399
1580774400,7467.127963
1580860800,13213.04313
1580947200,11014.08921
1581033600,6971.452315
1581120000,6486.649106
1581206400,9063.334692
1581292800,10984.58285
1581379200,12538.07076
1581465600,9561.283654
1581552000,13735.6677
1581638400,9122.92332
1581724800,9705.572989
1581811200,8941.461997
1581897600,9708.552396
1581984000,12191.14159
1582070400,15693.32911
1582156800,9828.525702
1582243200,7782.471509
1582329600,3336.725025
1582416000,7250.109973
1582502400,10380.07081
1582588800,9896.547822
1582675200,21938.37442
1582761600,14768.06834
1582848000,10520.61451
1582934400,4764.978781
1583020800,6665.588285
1583107200,9492.43984
1583193600,7560.571712
1583280000,5468.533419
1583366400,9636.751746
1583452800,6098.157885
1583539200,4835.334179
1583625600,13425.28686
1583712000,18577.42345
1583798400,11702.75346
1583884800,10084.07768
1583971200,79924.72737
1584057600,82785.40205
1584144000,22243.21451
1584230400,22643.02669
1584316800,46308.61433
1584403200,24063.3935
1584489600,28767.06824
1584576000,33951.781
1584662400,41624.9926
1584748800,18358.02789
1584835200,17425.13796
1584921600,27176.03966
1585008000,26601.29126
1585094400,22583.81248
1585180800,11257.22657
1585267200,14830.01222
1585353600,17227.8488
1585440000,12673.55352
1585526400,20770.08811
1585612800,9599.830209
1585699200,16658.99997
1585785600,25941.58334
1585872000,17226.41516
1585958400,10440.57389
1586044800,6579.943937
1586131200,19631.8038
1586217600,18303.06543
1586304000,14001.32149
1586390400,12302.62898
1586476800,17331.66079
1586563200,5817.53938
1586649600,11469.81886
1586736000,15652.45551
1586822400,10041.67967
1586908800,11545.20571
1586995200,22345.29268
1587081600,11333.95292
1587168000,7764.522533
1587254400,6936.309183
1587340800,16094.3971
1587427200,8453.542171
1587513600,8823.81691
1587600000,20831.73876
1587686400,10183.37215
1587772800,6949.838346
1587859200,8029.987855
1587945600,10178.83991
1588032000,9305.716003
1588118400,37990.40204
1588204800,37861.77922
1588291200,17005.52699
1588377600,8797.743496
1588464000,14874.12826
1588550400,15440.83659
1588636800,13770.03144
1588723200,22008.38185
1588809600,34486.07808
1588896000,25325.44133
1588982400,17009.84859
1589068800,46594.90687
1589155200,49540.51481
1589241600,19584.94558
1589328000,18161.42023
1589414400,29041.92093
1589500800,26400.4568
1589587200,9877.837839
1589673600,14145.15856
1589760000,18123.33399
1589846400,17251.14732
1589932800,17161.59727
1590019200,24417.44959
1590105600,11086.76071
1590192000,5988.816824
1590278400,13821.33004
1590364800,13157.84058
1590451200,9339.702286
1590537600,10709.1712
1590624000,16703.24157
1590710400,10401.12007
1590796800,11146.37763
1590883200,9423.199773
1590969600,18513.3782
1591056000,31136.99832
1591142400,9719.620605
1591228800,12649.54298
1591315200,10524.96821
1591401600,6056.976736
1591488000,10888.51941
1591574400,7436.358895
1591660800,10631.6304
1591747200,10423.65094
1591833600,23983.4509
1591920000,9730.706354
1592006400,4382.849352
1592092800,5367.17605
1592179200,17598.32475
1592265600,10256.21171
1592352000,8621.117195
1592438400,6020.83384
1592524800,7793.524517
1592611200,5051.671893
1592697600,2820.406842
1592784000,9992.307336
1592870400,7157.796479
1592956800,14372.3761
1593043200,12836.41942
1593129600,11245.3829
1593216000,7833.158365
1593302400,5801.970036
1593388800,7599.509102
1593475200,4940.102712
1593561600,7241.197345
1593648000,10292.1306
1593734400,5298.941063
1593820800,4324.678076
1593907200,6648.748697
1593993600,10698.68495
1594080000,8749.6587
1594166400,10324.61388
1594252800,8182.951223
1594339200,7089.95005
1594425600,3658.741995
1594512000,4933.012101
1594598400,6885.016041
1594684800,7148.022298
1594771200,6124.805438
1594857600,8444.48574
1594944000,5527.584299
1595030400,3425.354388
1595116800,3850.027535
1595203200,5785.37331
1595289600,10298.39068
1595376000,9608.644176
1595462400,14507.37794
1595548800,10915.50404
1595635200,8601.526142
1595721600,15838.61295
1595808000,44796.51066
1595894400,28275.67985
1595980800,19522.97023
1596067200,16299.53711
1596153600,16376.74508
1596240000,19183.27457
1596326400,24523.34867
1596412800,12406.61122
1596499200,10173.64278
1596585600,13451.28494
1596672000,14702.36687
1596758400,16912.35996
1596844800,8508.772349
1596931200,6447.359857
1597017600,14971.93934
1597104000,18499.51202
1597190400,10502.9375
1597276800,12638.81808
1597363200,9525.158729
1597449600,9303.287572
1597536000,6936.740592
1597622400,17520.93313
1597708800,15425.20094
1597795200,16638.70017
1597881600,8042.55608
1597968000,11793.69149
1598054400,6865.893479
1598140800,4578.743558
1598227200,6045.388583
1598313600,12907.96948
1598400000,9253.228067
1598486400,14076.86996
1598572800,9922.597133
1598659200,5141.094713
1598745600,6300.341902
1598832000,8593.718819
1598918400,14202.73566
1599004800,20063.59474
1599091200,29625.59189
1599177600,29356.69304
1599264000,26998.04918
1599350400,12110.17149
1599436800,14695.32899
1599523200,17604.19472
1599609600,9525.779088
1599696000,15053.94454
1599782400,8155.710192
1599868800,4553.835
1599955200,7771.473252
1600041600,11991.66514
1600128000,11798.28454
1600214400,13627.24428
1600300800,9253.50934
1600387200,6917.88484
1600473600,4508.695699
1600560000,5899.888114
1600646400,16137.59
1600732800,8091.201502
1600819200,9843.403132
1600905600,10607.51251
1600992000,9391.350264
1601078400,4672.0602
1601164800,1183.354892
1601251200,1702.451047
1601337600,1120.056401
1601424000,935.9979343
1601510400,2273.912035
1601596800,2010.656931
1601683200,617.2819057
1601769600,589.9408656
1601856000,947.2718426
1601942400,1811.969565
1602028800,1420.232854
1602115200,1920.369406
1602201600,1128.138687
1602288000,1515.943048
1602374400,950.393488
1602460800,1892.738448
1602547200,1397.78838
1602633600,1337.367535
1602720000,1861.098448
1602806400,1555.590292
1602892800,664.7624855
1602979200,673.8954595
1603065600,1257.628445
1603152000,2413.025231
1603238400,5195.06049
1603324800,3790.877853
1603411200,2035.379563
1603497600,1352.292859
1603584000,1338.618613
1603670400,1854.270356
1603756800,2547.329697
1603843200,3937.194408
1603929600,2412.386165
1604016000,2650.034091
1604102400,2557.042367
1604188800,1250.133514
1604275200,2157.679218
1604361600,2631.394823
1604448000,3123.621953
1604534400,4810.326486
1604620800,5513.841789
1604707200,4358.262527
1604793600,2444.35446
1604880000,3639.491967
1604966400,1185.601548
1605052800,1855.699632
1605139200,2379.816152
1605225600,1745.37743
1605312000,1143.776273
1605398400,977.8162643
1605484800,1743.215683
1605571200,3092.046043
1605657600,4259.501764
1605744000,2154.596935
1605830400,2196.179549
1605916800,2063.938946
1606003200,2374.280098
1606089600,2339.447005
1606176000,3393.98111
1606262400,2560.374096
1606348800,5595.761687
1606435200,2722.769487
1606521600,1842.584848
1606608000,1640.47664
1606694400,3640.111233
1606780800,3565.483552
1606867200,2575.896373
1606953600,1634.229359
1607040000,1795.369512
1607126400,914.8943575
1607212800,1110.144278
1607299200,1019.378491
1607385600,1367.697873
1607472000,1872.004102
1607558400,1255.917052
1607644800,1846.354524
1607731200,969.0120616
1607817600,1286.486822
1607904000,830.5823005
1607990400,1170.424172
1608076800,2690.347828
1608163200,5324.028939
1608249600,1721.908123
1608336000,1978.22978
1608422400,1688.074452
1608508800,3075.113335
1608595200,2196.047064
1608681600,3045.968725
1608768000,1787.55196
1608854400,2201.052468
1608940800,2781.268879
1609027200,4915.61632
1609113600,2223.685718
1609200000,2486.080464
1609286400,3097.205179
1609372800,2557.10506
1609459200,1672.604828
1609545600,5165.023459
1609632000,5674.961437
1609718400,7405.232853
1609804800,5222.379905
1609891200,5514.164553
1609977600,6417.762018
1610064000,7040.219799
1610150400,3405.507899
1610236800,5343.460028
1610323200,15510.10515
1610409600,6938.016911
1610496000,6127.997481
1610582400,3997.60872
1610668800,4823.488379
1610755200,3963.063088
1610841600,3449.095242
1610928000,2997.114168
1611014400,2610.727693
1611100800,3158.625736
1611187200,6943.040066
1611273600,6338.79035
1611360000,2873.257985
1611446400,2200.257026
1611532800,3202.244609
1611619200,3789.871189
1611705600,4476.705277
1611792000,3410.012996
1611878400,9461.051936
1611964800,3407.853996
1612051200,2427.42486
1612137600,3637.972585
1612224000,2920.855396
1612310400,2741.605809
1612396800,3597.007121
1612483200,2292.111383
1612569600,3882.294609
1612656000,2389.9682
1612742400,4971.547315
1612828800,4330.728547
1612915200,4351.849078
1613001600,4045.918835
1613088000,3356.018321
1613174400,2740.992218
1613260800,3359.469057
1613347200,3974.984614
1613433600,3599.853702
1613520000,3356.850828
1613606400,2183.183794
1613692800,3749.692011
1613779200,3394.872262
1613865600,2514.0234
1613952000,6125.324429
1614038400,8048.965053
1614124800,4816.750277
1614211200,3701.802367
1614297600,5329.771259
1614384000,2872.646407
1614470400,3940.178637
1614556800,3548.510266
1614643200,2936.944541
1614729600,3177.389439
1614816000,3624.176836
1614902400,3697.345569
1614988800,1949.153114
1615075200,2444.358498
1615161600,2710.991512
1615248000,3070.935815
1615334400,4049.505539
1615420800,3403.694415
1615507200,4031.037663
1615593600,4394.623184
1615680000,3084.339523
1615766400,5910.335182
1615852800,7410.490577
1615939200,5828.790269
1616025600,5073.74587
1616112000,3727.094342
1616198400,2746.529738
1616284800,3265.356498
1616371200,4219.995018
1616457600,4374.340463
1616544000,6416.760246
1616630400,7242.64664
1616716800,4609.481929
1616803200,3634.735885
1616889600,3158.204527
1616976000,4413.631216
1617062400,3563.87315
1617148800,4921.458482
1617235200,3163.982131
1617321600,2553.764273
1617408000,2512.191096
1617494400,2069.146701
1617580800,3003.760434
1617667200,2964.861839
1617753600,5277.049064
1617840000,3175.604821
1617926400,3516.191047
1618012800,5533.506756
1618099200,3896.37426
1618185600,4611.409014
1618272000,6906.310253
1618358400,7696.509177
1618444800,4709.824271
1618531200,8295.325239
1618617600,5367.429793
1618704000,11485.97101
1618790400,7721.306905
1618876800,8677.75606
1618963200,6240.821918
1619049600,8879.160163
1619136000,8885.070604
1619222400,4833.417447
1619308800,4805.346641
1619395200,6695.129349
1619481600,4344.222913
1619568000,4801.046186
1619654400,4356.051772
1619740800,5000.475573
1619827200,3639.789666
1619913600,3508.524288
1620000000,4780.433872
1620086400,7079.558047
1620172800,6154.551585
1620259200,6418.750561
1620345600,6550.041578
1620432000,5872.021026
1620518400,5830.153824
1620604800,8151.258258
1620691200,6867.993539
1620777600,9545.098734
1620864000,10032.97513
1620950400,5450.843612
1621036800,7795.085294
1621123200,9409.630343
1621209600,11722.79249
1621296000,9551.681224
1621382400,21800.5734
1621468800,12863.4529
1621555200,13365.87412
1621641600,10179.56518
1621728000,14558.40212
1621814400,10412.747
1621900800,9520.138788
1621987200,9233.469471
1622073600,8469.645405
1622160000,11531.34517
1622246400,12290.41414
1622332800,7624.552106
1622419200,8288.365866
1622505600,7683.095028
1622592000,6046.543408
1622678400,5991.138107
1622764800,8194.775345
1622851200,7313.702293
1622937600,5183.520493
1623024000,6693.226785
1623110400,10968.25291
1623196800,9786.863444
1623283200,7953.004961
1623369600,5668.356269
1623456000,6153.430286
1623542400,7947.765378
1623628800,9828.014398
1623715200,7466.725247
1623801600,7972.123259
1623888000,7793.903056
1623974400,7211.361512
1624060800,5600.905533
1624147200,7100.377553
1624233600,13620.64859
1624320000,14492.17413
1624406400,9779.352091
1624492800,6292.051335
1624579200,8644.095149
1624665600,8232.106197
1624752000,6201.738354
1624838400,6438.368545
1624924800,6179.982924
1625011200,5743.848897
1625097600,5862.197336
1625184000,4815.317963
1625270400,3265.356476
1625356800,2936.646204
1625443200,4088.83271
1625529600,4428.883106
1625616000,3816.911704
1625702400,4448.790157
1625788800,3403.29299
1625875200,3256.178257
1625961600,2894.439479
1626048000,4130.637066
1626134400,3618.29338
1626220800,4391.208287
1626307200,4230.018063
1626393600,3365.914147
1626480000,2862.812666
1626566400,3376.572807
1626652800,3381.540273
1626739200,5736.787351
1626825600,7015.460407
1626912000,3195.953482
1626998400,3315.937271
1627084800,3837.580029
1627171200,4211.715291
1627257600,14289.81565
1627344000,5814.586528
1627430400,10204.29668
1627516800,7426.289788
1627603200,7827.632281
1627689600,5998.435341
1627776000,6954.815707
1627862400,7322.651607
1627948800,9409.253686
1628035200,8237.943605
1628121600,11157.85066
1628208000,8763.529797
1628294400,8627.304995
1628380800,8537.076403
1628467200,8085.296607
1628553600,6779.477638
1628640000,7747.788651
1628726400,9192.453831
1628812800,8336.13666
1628899200,6694.704778
1628985600,7678.105958
1629072000,8359.568845
1629158400,10364.85476
1629244800,9612.961216
1629331200,7484.638184
1629417600,8176.260995
1629504000,6768.85612
1629590400,5837.809344
1629676800,7307.733753
1629763200,5984.484737
1629849600,5161.238488
1629936000,5598.124903
1630022400,4688.521157
1630108800,3402.158439
1630195200,3788.926548
1630281600,5341.600553
1630368000,4731.180138
1630454400,4873.048889
1630540800,5367.264064
1630627200,6003.219297
1630713600,3477.480773
1630800000,4140.772561
1630886400,4852.819262
1630972800,13187.294
1631059200,7685.283624
1631145600,6062.007279
1631232000,6607.545002
1631318400,4366.433138
1631404800,4385.264292
1631491200,7825.823696
1631577600,5153.127186
1631664000,4884.582592
1631750400,4775.77759
1631836800,4531.789644
1631923200,3753.400818
1632009600,4115.614825
1632096000,11363.96804
1632182400,10803.35199
1632268800,6697.439127
1632355200,5665.939999
1632441600,10094.67597
1632528000,4546.950083
1632614400,5662.433271
1632700800,4908.211444
1632787200,5184.515085
1632873600,4731.548553
1632960000,5858.993523
1633046400,8328.181279
1633132800,4673.884778
1633219200,6660.12664
1633305600,11461.26783
1633392000,9663.787435
1633478400,12586.47456
1633564800,11526.93024
1633651200,8476.728056
1633737600,6333.2516
1633824000,8549.907983
1633910400,9246.598522
1633996800,10229.42748
1634083200,9298.925816
1634169600,8863.736024
1634256000,15310.08173
1634342400,7129.736397
1634428800,7084.612311
1634515200,10917.81653
1634601600,11856.90392
1634688000,10476.52798
1634774400,14465.86829
1634860800,8845.465702
1634947200,6280.560489
1635033600,6922.879299
1635120000,7383.807947
1635206400,7625.076133
1635292800,11848.35403
1635379200,12182.10895
1635465600,8067.353875
1635552000,5059.405744
1635638400,6951.620576
1635724800,8276.376695
1635811200,8321.342448
1635897600,7602.997318
1635984000,6556.184709
1636070400,5495.290431
1636156800,4628.458119
1636243200,5123.297731
1636329600,9518.146326
1636416000,7228.105378
1636502400,10048.96927
1636588800,5979.66743
1636675200,8115.621158
1636761600,3430.617294
1636848000,4569.814593
1636934400,6474.901649
1637020800,14170.82514
1637107200,9688.916309
1637193600,11730.96929
1637280000,8136.109249
1637366400,5784.681797
1637452800,5756.286606
1637539200,11144.47494
1637625600,8943.194322
1637712000,8577.992338
1637798400,7633.529997
1637884800,13040.59504
1637971200,5729.90345
1638057600,7479.563644
1638144000,7779.749988
1638230400,9152.806518
1638316800,8295.403258
1638403200,6772.2329
1638489600,9324.520391
1638576000,19404.7324
1638662400,11218.19836
1638748800,14251.00922
1638835200,9962.836977
1638921600,9880.235389
1639008000,10970.30196
1639094400,12149.64721
1639180800,7507.121516
1639267200,6289.552448
1639353600,11522.59119
1639440000,8944.127809
1639526400,11113.823
1639612800,8731.810597
1639699200,10083.81806
1639785600,6098.948642
1639872000,8644.422089
1639958400,10503.8304
1640044800,8461.867907
1640131200,8761.81727
1640217600,10737.23276
1640304000,8617.7334
1640390400,6121.28073
1640476800,7121.669953
1640563200,8507.238496
1640649600,15230.82537
1640736000,10976.11557
1640822400,9041.186318
1640908800,10890.70655
1640995200,6452.491926
1641081600,6037.964104
1641168000,8326.66265
1641254400,9582.113795
1641340800,15885.89924
1641427200,11546.59304
1641513600,15372.63581
1641600000,10506.59857
1641686400,8289.251337
1641772800,11943.06391
1641859200,10833.97917
1641945600,9976.044566
1642032000,9803.175633
1642118400,8497.752019
1642204800,5269.272296
1642291200,5182.861645
1642377600,6812.392821
1642464000,9646.364542
1642550400,11038.16747
1642636800,11613.64217
1642723200,20940.51486
1642809600,18348.26764
1642896000,10220.24396
1642982400,17910.47546
1643068800,10359.63052
1643155200,14295.52514
1643241600,11600.5332
1643328000,11803.67246
1643414400,7151.982279
1643500800,5411.501628
1643587200,8856.551803
1643673600,8866.025687
1643760000,7983.608385
1643846400,7376.601938
1643932800,11180.30349
1644019200,6050.702034
1644105600,5524.538254
1644192000,12161.14314
1644278400,12815.20181
1696723200,677.8912909
1696809600,2304.996099
1696896000,1585.445179
1696982400,3092.077996
1697068800,1601.346123
1697155200,2111.794818
1697241600,730.7568178
1697328000,1026.085452
1697414400,7787.355596
1697500800,2328.476528
1697587200,2035.026468
1697673600,2372.544557
1697760000,3812.086079
1697846400,2252.197123
1697932800,1328.856383
1698019200,7154.71601
1698105600,7855.013862
1698192000,3923.759245
1698278400,3871.438902
1698364800,2681.161789
1698451200,1222.221733
1698537600,1521.604388
1698624000,2531.60814
1698710400,1855.566494
1698796800,3806.804402
1698883200,3988.475899
1698969600,2119.521263
1699056000,1617.412893
1699142400,1827.875379
1699228800,1572.808326
1699315200,2573.31258
1699401600,2554.528167
1699488000,8078.048005
1699574400,4459.426938
1699660800,1725.244614
1699747200,1172.59629
1699833600,3275.049329
1699920000,4657.820097
1700006400,4451.097162
1700092800,6415.890771
1700179200,4591.392662
1700265600,1154.664347
1700352000,1751.850905
1700438400,4171.723721
1700524800,6261.509653
1700611200,6119.785248
1700697600,2749.313514
1700784000,4254.021728
1700870400,1204.59671
1700956800,1333.535822
1701043200,2144.821362
1701129600,3571.378127
1701216000,2377.635453
1701302400,1732.076667
1701388800,3704.470305
1701475200,1964.855627
1701561600,2138.769822
1701648000,7454.600308
1701734400,5566.774594
1701820800,3558.308187
1701907200,2649.072801
1701993600,3595.64137
1702080000,1720.159131
1702166400,1376.787528
1702252800,6918.905064
1702339200,3827.464335
1702425600,3664.050694
1702512000,3403.660285
1702598400,2421.861254
1702684800,1484.465312
1702771200,2873.786476
1702857600,3401.344788
1702944000,3052.465352
1703030400,4004.570372
1703116800,2615.351612
1703203200,2630.837667
1703289600,1140.859804
1703376000,2343.633431
1703462400,1746.951784
1703548800,3180.636172
1703635200,2143.684396
1703721600,2766.353205
1703808000,2612.446401
1703894400,1306.552626
1703980800,1509.623657
1704067200,2457.304196
1704153600,6462.553718
1704240000,7003.557998
1704326400,3461.206492
1704412800,3371.047013
1704499200,990.4193612
1704585600,1547.796632
1704672000,6838.674227
1704758400,8483.345197
1704844800,8288.080645
1704931200,7397.105831
1705017600,9423.71541
1705104000,1718.420821
1705190400,2802.781875
1705276800,2405.085321
1705363200,2360.501062
1705449600,2079.155241
1705536000,3426.982335
1705622400,3578.28442
1705708800,827.7478072
1705795200,892.7563884
1705881600,4093.73354
1705968000,3365.92043
1706054400,2453.939107
1706140800,1465.246536
1706227200,3399.173029
1706313600,1297.453657
1706400000,1693.012083
1706486400,1946.953795
1706572800,2446.944125
1706659200,2838.352393
1706745600,2669.024788
1706832000,2184.380965
1706918400,526.1579958
1707004800,629.5638693
1707091200,1582.957042
1707177600,1340.597992
1707264000,3765.689496
1707350400,3551.718979
1707436800,5688.46559
1707523200,1605.660985
1707609600,1781.360736
1707696000,5147.573395
1707782400,3982.474989
1707868800,4718.310455
1707955200,4193.466495
1708041600,2064.578768
1708128000,2108.885631
1708214400,1645.272612
1708300800,1628.629187
1708387200,4612.934753
1708473600,2178.541356
1708560000,1926.74006
1708646400,1510.219781
1708732800,942.0020505
1708819200,1220.618945
1708905600,5241.139457
1708992000,5285.874514
1709078400,10911.28774
1709164800,6805.481645
1709251200,3522.128367
1709337600,2212.557636
1709424000,1592.024563
1709510400,6106.308525
1709596800,10647.2171
1709683200,4896.523842
1709769600,3147.250477
1709856000,4438.299908
1709942400,964.9999657
1710028800,2360.956579
1710115200,5547.018132
1710201600,3980.185771
1710288000,2818.467392
1710374400,4983.783632
1710460800,5903.817853
1710547200,2550.190718
1710633600,2581.900483
1710720000,2892.32241
1710806400,6851.432852
1710892800,6500.532705
1710979200,2710.178097
1711065600,2845.945312
1711152000,1933.65361
1711238400,1806.612831
1711324800,4434.310518
1711411200,2600.329742
1711497600,3899.003604
1711584000,3156.069869
1711670400,1885.113421
1711756800,669.4307169
1711843200,1097.39097
1711929600,2039.09078
1712016000,3892.191274
1712102400,1507.140987
1712188800,2782.228265
1712275200,3264.190924
1712361600,1622.377585
1712448000,1592.352347
1712534400,3524.060537
1712620800,3982.987096
1712707200,2906.129761
1712793600,1971.121409
1712880000,5854.233088
1712966400,5688.400927
1713052800,2418.685853
1713139200,3187.667101
1713225600,3089.16803
1713312000,3856.040739
1713398400,2723.023626
1713484800,4458.819803
1713571200,2049.041829
1713657600,1341.967184
1713744000,2626.886533
1713830400,1878.082898
1713916800,2418.732448
1714003200,2429.373736
1714089600,1618.439491
1714176000,1349.333864
1714262400,767.9538549
1714348800,1659.821045
1714435200,4103.947345
1714521600,5815.315384
1714608000,2549.029163
1714694400,3761.995323
1714780800,2487.057943
1714867200,1244.953499
1714953600,2920.391427
1715040000,2316.138982
1715126400,1624.822278
1715212800,1439.285751
1715299200,2069.446618
1715385600,792.9645837
1715472000,668.2206085
1715558400,1728.049465
1715644800,1843.739726
1715731200,4260.468744
1715817600,2547.439998
1715904000,2179.141767
1715990400,565.4018644
1716076800,1096.640034
1716163200,3168.465513
1716249600,2366.525795
1716336000,2667.192083
1716422400,3538.198558
1716508800,1803.192035
1716595200,627.9022252
1716681600,481.571991
1716768000,1340.863483
1716854400,1727.620024
1716940800,1916.841463
1717027200,2098.190112
1717113600,1214.317517
1717200000,262.4291549
1717286400,686.5283372
1717372800,1647.263465
1717459200,2378.573126
1717545600,2163.807485
1717632000,1460.013522
1717718400,2531.872633
1717804800,601.4622065
1717891200,421.2484169
1717977600,1227.000687
1718064000,2498.481268
1718150400,1900.534898
1718236800,1247.851121
1718323200,1703.774774
1718409600,447.3179731
1718496000,542.3267031
1718582400,1178.558009
1718668800,2452.721817
1718755200,645.0305922
1718841600,1301.88144
1718928000,1178.242863
1719014400,355.6753587
1719100800,554.1312159
1719187200,3701.591883
1719273600,1534.901479
1719360000,827.768786
1719446400,878.3154959
1719532800,880.3567438
1719619200,495.3247907
1719705600,819.171369
1719792000,1408.611072
1719878400,924.0807345
1719964800,1615.057454
1720051200,2727.520095
1720137600,4102.760183
1720224000,995.592256
1720310400,940.5744393
1720396800,2283.590099
1720483200,1412.642602
1720569600,1511.28549
1720656000,1532.404462
1720742400,1135.138376
1720828800,985.8867262
1720915200,1537.755859
1721001600,2989.71251
1721088000,3185.16205
1721174400,1952.562966
1721260800,1495.398402
1721347200,2068.885977
1721433600,878.5770322
1721520000,1510.080052
1721606400,1381.729714
1721692800,2538.760023
1721779200,1565.375944
1721865600,1783.905007
1721952000,2487.789672
1722038400,3068.233574
1722124800,995.0655113
1722211200,2738.338941
1722297600,1726.188204
1722384000,1565.485722
1722470400,2421.321982
1722556800,2656.600318
1722643200,2560.019927
1722729600,1993.417045
1722816000,10612.00556
1722902400,3145.823966
1722988800,2780.759507
1723075200,3570.748546
1723161600,3535.858783
1723248000,745.1537575
1723334400,1657.296202
1723420800,1772.474974
1723507200,2442.991938
1723593600,2297.264062
1723680000,2578.854599
1723766400,1659.798395
1723852800,456.3417148
1723939200,812.9593157
1724025600,1313.020805
1724112000,2101.763767
1724198400,2153.31118
1724284800,1586.148886
1724371200,3155.259456
1724457600,953.2444932
1724544000,707.0206749
1724630400,1136.406339
1724716800,2317.879911
1724803200,1959.759112
1724889600,1464.075654
1724976000,1521.276114
1725062400,558.7610034
1725148800,1772.083761
1725235200,1728.800222
1725321600,1444.701959
1725408000,2253.641249
1725494400,2115.364091
1725580800,3806.685845
1725667200,1015.367459
1725753600,980.6407851
1725840000,1806.650554
1725926400,1234.541876
1726012800,2108.12975
1726099200,1392.839826
1726185600,2992.83089
1726272000,1011.967006
1726358400,911.8115466
1726444800,1394.860063
1726531200,2381.817226
1726617600,2374.428236
1726704000,2674.767948
1726790400,2234.548503
1726876800,1769.28073
1726963200,2192.35369
1727049600,2429.203417
1727136000,1731.187204
1727222400,1472.030114
1727308800,2376.403456
1727395200,2110.347412
1727481600,525.714071
1727568000,642.6618984
1727654400,2603.844654
1727740800,3701.208097
1727827200,2633.801721
1727913600,2480.410598
1728000000,2294.570334
1728086400,715.7165329
1728172800,808.0789259
1728259200,2621.930196
1728345600,2225.602493
1728432000,2207.35692
1728518400,2673.646375
1728604800,2790.568774
1728691200,907.5687517
1728777600,920.8806096
1728864000,3072.099079
1728950400,5020.101108
1729036800,3031.176943
1729123200,2294.964406
1729209600,2390.962205
1729296000,470.9360018
1729382400,814.9635591
1729468800,3394.720262
1729555200,2124.07764
1729641600,2637.803822
1729728000,2465.334508
1729814400,3137.314551
1729900800,679.3206569
1729987200,785.6457568
1730073600,3838.077883
1730160000,4646.214836
1730246400,3056.472006
1730332800,3077.154506
1730419200,3692.651445
1730505600,878.0699221
1730592000,2404.538722
1730678400,2923.822173
1730764800,3729.782051
1730851200,11992.9013
1730937600,4239.053497
1731024000,3495.519136
1731110400,1381.12985
1731196800,5704.649576
1731283200,8677.251972
1731369600,8618.560456
1731456000,10140.86055
1731542400,8408.100795
1731628800,5601.738256
1731715200,1762.316987
1731801600,2276.951305
1731888000,5614.068621
1731974400,5628.843521
1732060800,5146.448514
1732147200,7073.915325
1732233600,5232.873158
1732320000,2240.447962
1732406400,2299.463378
1732492800,5818.988499
1732579200,5608.18085
1732665600,4877.149173
1732752000,1626.36348
1732838400,3655.399731
1732924800,857.6170034
1733011200,1003.936568
1733097600,3331.023914
1733184000,2937.984354
1733270400,5840.601353
1733356800,10920.95041
1733443200,3989.515913
1733529600,1015.867822
1733616000,1299.276552
1733702400,4288.699065
1733788800,3857.129244
1733875200,3643.397147
1733961600,3022.864048
1734048000,2267.20253
1734134400,1201.026975
1734220800,2431.582524
1734307200,5580.295051
1734393600,5573.6929
1734480000,4478.120607
1734566400,5296.613882
1734652800,4777.526455
1734739200,1407.924661
1734825600,1071.329555
1734912000,3154.379769
1734998400,2645.385127
1735084800,957.3755152
1735171200,2760.591532
1735257600,3493.537522
1735344000,629.3574644
1735430400,921.5448011
1735516800,3446.638731
1735603200,2945.131769
1735689600,1088.61507
1735776000,2659.891838
1735862400,2244.395729
1735948800,846.9479932
1736035200,636.9534101
1736121600,3457.9648
1736208000,3835.115366
1736294400,4243.805909
1736380800,3517.882984
1736467200,3546.663155
1736553600,428.3551515
1736640000,553.9616703
1736726400,5236.766292
1736812800,2737.63414
1736899200,3200.578157
1736985600,2917.950898
1737072000,4970.756988
1737158400,2091.555748
1737244800,4748.040499
1737331200,7828.988693
1737417600,4087.115402
1737504000,2743.864057
1737590400,7005.825014
1737676800,3077.02661
1737763200,758.8814968
1737849600,1223.438543
1737936000,5911.349108
1738022400,3053.034275
1738108800,3296.2727
1738195200,3263.376531
1738281600,2956.268208
1738368000,1384.724059
1738454400,3450.773599
1738540800,7573.493175
1738627200,4378.067923
1738713600,2417.000436
1738800000,2972.998324
1738886400,3212.812786
1738972800,478.4939106
1739059200,1015.456427
1739145600,2004.683445
1739232000,2051.451882
1739318400,2433.531665
1739404800,2038.017367
1739491200,2254.918955
1739577600,518.3448416
1739664000,481.0570153
1739750400,1327.759644
1739836800,2344.347509
1739923200,1703.579208
1740009600,1915.436283
1740096000,3038.56877
1740182400,613.1728023
1740268800,456.0076114
1740355200,3300.563326
1740441600,6841.196082
1740528000,7779.49589
1740614400,4007.416101
1740700800,6894.186761
1740787200,1392.484808
1740873600,6060.831238
1740960000,6607.37467
1741046400,6031.344204
1741132800,5258.817171
1741219200,4346.181743
1741305600,6417.391579
1741392000,1012.720859
1741478400,2509.038646
1741564800,4663.643629
1741651200,5277.194531
1741737600,3440.485075
1741824000,2626.429367
1741910400,2918.423123
1741996800,722.0789293
1742083200,1076.399326
1742169600,1819.727474
1742256000,2126.46164
1742342400,3485.103241
1742428800,2794.367647
1742515200,1363.810025
1742601600,520.6678906
1742688000,731.2410615
1742774400,2777.534839
1742860800,1773.021433
1742947200,2332.54863
1743033600,1613.758862
1743120000,2637.168708
1743206400,1286.152807
1743292800,1056.381969
1743379200,2082.923542
1743465600,2358.949757
1743552000,4423.610473
1743638400,2593.607346
1743724800,2823.680288
1743811200,752.9147739
1743897600,4214.408169
1743984000,7372.250887
1744070400,3590.742654
1744156800,7569.80685
1744243200,3230.834503
1744329600,3989.412554
1744416000,2275.179762
1744502400,2016.026155
1744588800,3257.79734
1744675200,1981.005575
1744761600,2529.064594
1744848000,1467.885634
1744934400,681.4875703
1745020800,545.131143
1745107200,700.7890846
1745193600,2689.196682
1745280000,4292.64993
1745366400,2737.499141
1745452800,1644.845082
1745539200,3221.384069
1745625600,628.4526993
1745712000,704.0881378
1745798400,1780.859894
1745884800,2232.119459
1745971200,1715.218894
1746057600,2316.671542
1746144000,1660.020601
1746230400,741.5604055
1746316800,918.8249792
1746403200,1507.449918
1746489600,1880.977488
1746576000,1845.438241
1746662400,3929.407098
1746748800,1841.868907
1746835200,907.7385267
1746921600,983.8937337
1747008000,2586.765495
1747094400,1742.302909
1747180800,1372.791287
1747267200,1403.847491
1747353600,1283.664735
1747440000,614.0982395
1747526400,2279.870718
1747612800,2624.336243
1747699200,2279.578444
1747785600,4491.019735
1747872000,3031.731403
1747958400,3402.587685
1748044800,743.1937529
1748131200,848.1623594
1748217600,1189.952299
1748304000,1734.960743
1748390400,1538.619679
1748476800,2049.3384
1748563200,2049.324353
1748649600,809.2152138
1748736000,807.6500935
1748822400,1394.78649
1748908800,1207.370636
1748995200,1031.319938
1749081600,2613.49775
1749168000,1485.800913
1749254400,571.1299056
1749340800,683.0073505
1749427200,1778.589339
1749513600,1640.579273
1749600000,1323.701066
1749686400,2066.62675
1749772800,2726.578927
1749859200,568.6513998
1749945600,470.077468
1750032000,1788.684068
1750118400,1883.966219
1750204800,1224.238691
1750291200,1299.306872
1750377600,39455498.12
1750464000,29753913.89
1750550400,67233279.1
1750636800,53911858.86
1750723200,38485054.52
1750809600,52081886.9
1750896000,34603008.05
1750982400,27713790.16
1751068800,17567267.15
1751155200,28447915.81
1751241600,41979775.21
1751328000,40182058.27
1751414400,63429319.64
1751500800,57518058.66
1751587200,26299164.13
1751673600,14814660.81
1751760000,22006587.85
1751846400,31720693.2
1751932800,32545139.28
1752019200,60717347.68
1752105600,98610984.63
1752192000,81106365.5
1752278400,35014243.17
1752364800,38507858.74
1752451200,94010930.37
1752537600,64199961.64
1752624000,54289613.15
1752710400,47865983.19
1752796800,48900988.7
1752883200,26201696.98
1752969600,34551307.22
1753056000,48309836.79
1753142400,69290965.96
1753228800,45039210.84
1753315200,47490586.35
1753401600,63994856.89
1753488000,28172225.64
1753574400,42566967.76
1753660800,45577383.93
1753747200,45367672.57
1753833600,38795644.06
1753920000,42837910.74
1754006400,53085561.34
1754092800,27613121.15
1754179200,22474298.26
1754265600,32203542.75
1754352000,35015444.24
1754438400,34466337.42
1754524800,47753002.57
1754611200,26045707.59
1754697600,29941737.01
1754784000,54218597.39
1754870400,74435549.3
1754956800,37670433.46
1755043200,69941136.6
1755129600,73725836.26
1755216000,29646300.39
1755302400,18256925.25
1755388800,20892980.89
1755475200,38741605.44
1755561600,38615217
1755648000,31309869.3
1755734400,23015229.88
1755820800,50651591.97
1755907200,24330900.32
1755993600,43586549.03
1756080000,51972370.4
1756166400,42057725.66
1756252800,37551206.58
1756339200,36253544.75
1756425600,39310641.26
1756512000,26364431.52
1756598400,26671494.75
1756684800,42989829.9
1756771200,55289537.87
1756857600,34564022.05
1756944000,25997066.56
1757030400,47433168.01
1757116800,20379234.57
1757203200,19852725.26
1757289600,34005921.29
1757376000,37808396.25
1757462400,44556086.51
1757548800,39018182.57
1757635200,39251034.14
1757721600,26173062.76
1757808000,29590220.85
1757894400,43850961.2
1757980800,41000123.86
1758067200,52900931.39
1758153600,44398218.21
1758240000,31604197.49
1758326400,18666434.97
1758412800,23730680.92
1758499200,52556199.14
1758585600,27836944.51
1758672000,39597145.19
1758758400,45444625.8
1758844800,34873735.79
1758931200,16218745.34
1759017600,24533778.52
1759104000,43804327.98
1759190400,39820402.7
1759276800,66089879.75
1759363200,70992834.54
1759449600,80340719.11
1759536000,40832374.37
1759622400,67650601.57
1759708800,57265944.29
1759795200,55686997.97
1759881600,42638203.64
1759968000,38090493.19
1760054400,160978047.6
1760140800,70134294.78
1760227200,60962281.06
1760313600,42104451.1
1760400000,59614502.42
1760486400,38394795.1
1760572800,53045772.13
1760659200,53211886
1760745600,19431094.31
1760832000,31523717.69
1760918400,32122872.18
1761004800,58494542.24
1761091200,45444043.45
1761177600,34394895.84
1761264000,33674300.5
1761350400,20300949.42
1761436800,38411492.16
1761523200,38724575.69
1761609600,39520728.35
1761696000,54692188.68
1761782400,63633418.43
1761868800,48954749.25
1761955200,24642706.28
1762041600,27867994.23
1762128000,62415939.59
1762214400,91107316.25
1762300800,65100967.55
1762387200,52473824.46
1762473600,56301033.22
1762560000,31646302.24 
1762646400,42495282.20 
1762732800,53831007.57
