time,NUPL
1279497600,99.31520855
1279584000,98.4015731
1279670400,97.78283199
1279756800,97.39336609
1279843200,96.34353644
1280102400,92.9984242
1280188800,92.04480205
1280275200,92.10652334
1280361600,91.57172986
1280448000,92.54001426
1280707200,90.42910155
1280793600,89.97559003
1280880000,89.58565009
1280966400,88.85546153
1281052800,89.12399635
1281312000,88.2027612
1281398400,89.3156022
1281484800,88.36919105
1281571200,88.00596746
1281657600,88.23171709
1281916800,86.27374292
1282003200,85.99046032
1282089600,86.68345923
1282176000,86.00925733
1282262400,85.57272448
1282521600,84.42915342
1282608000,83.93478424
1282694400,83.69250099
1282780800,83.39848162
1282867200,82.95695763
1283126400,82.33975433
1283212800,82.4259496
1283299200,80.73711394
1283385600,81.006864
1283472000,81.34143029
1283817600,80.12645972
1283904000,79.87682063
1283990400,79.70688142
1284076800,79.14417992
1284336000,78.70874003
1284422400,78.75133901
1284508800,78.47099133
1284595200,77.54860376
1284681600,77.62305116
1284940800,76.71780963
1285027200,76.30392223
1285113600,76.3359178
1285200000,75.9144645
1285286400,75.75835159
1285545600,75.0795676
1285632000,74.47217279
1285718400,72.99541179
1285804800,72.74293443
1285891200,72.12001049
1286150400,69.1388202
1286236800,69.07648827
1286323200,68.45310915
1286409600,69.06528825
1286496000,70.61380117
1286755200,77.42118604
1286841600,76.64082419
1286928000,76.39187304
1287014400,78.05123254
1287100800,77.05496099
1287360000,75.38516125
1287446400,75.1846363
1287532800,73.62887663
1287619200,73.81152177
1287705600,75.05620994
1287964800,75.86670197
1288051200,78.44114558
1288137600,80.47314352
1288224000,83.47191874
1288310400,80.99325018
1288569600,81.60874297
1288656000,81.62087155
1288742400,81.0709238
1288828800,80.70790379
1288915200,80.90564287
1289174400,85.14740059
1289260800,78.22069992
1289347200,74.53149332
1289433600,77.17640385
1289520000,75.6313471
1289779200,79.53893117
1289865600,77.81828258
1289952000,73.40566769
1290038400,75.58713553
1290124800,77.1509931
1290384000,77.11331804
1290470400,77.52387633
1290556800,77.19968587
1290729600,76.36919745
1290988800,74.84386974
1291075200,70.66812129
1291161600,67.07376368
1291248000,69.79820842
1291334400,72.56138495
1291593600,63.67765384
1291680000,64.70186158
1291766400,69.13809893
1291852800,69.22131473
1291939200,61.59691751
1292198400,66.12007277
1292284800,67.34236216
1292371200,69.41552549
1292457600,68.27646282
1292544000,69.36733328
1292803200,67.71071435
1292889600,70.58731074
1292976000,66.60818371
1293062400,67.81988103
1293408000,69.10881545
1293494400,68.95632878
1293580800,70.53226249
1293667200,71.85246026
1293753600,71.67083232
1294012800,71.12895153
1294099200,70.46771667
1294185600,70.73782389
1294272000,70.58753681
1294358400,70.36179548
1294617600,72.09011494
1294704000,71.97266664
1294790400,71.21703097
1294876800,70.37977808
1294963200,69.83532825
1295308800,71.30042089
1295395200,67.84589576
1295481600,67.45372231
1295568000,73.59695645
1295827200,75.69627409
1295913600,74.05146961
1296000000,73.258585
1296086400,69.43225636
1296172800,69.6828147
1296432000,72.56201147
1296518400,75.45712112
1296604800,80.09915278
1296691200,79.55265435
1296777600,78.73866915
1297036800,82.09163024
1297123200,80.97504828
1297209600,81.32524569
1297296000,83.55159459
1297382400,81.33059168
1297641600,81.57459554
1297728000,81.28913838
1297814400,80.61292864
1297900800,79.99487035
1297987200,80.00471942
1298332800,74.23108451
1298419200,75.87276414
1298505600,75.6755296
1298592000,77.68606525
1298851200,73.93032255
1298937600,73.08646995
1299024000,71.03307463
1299110400,71.3977881
1299196800,71.20573116
1299456000,68.88735833
1299542400,68.74918844
1299628800,68.03112818
1299715200,67.74131412
1299801600,69.97255496
1300060800,68.00372835
1300147200,67.77403083
1300233600,66.7283301
1300320000,65.93023944
1300406400,64.32713744
1300665600,60.11562774
1300752000,60.94169155
1300838400,63.19432139
1300924800,64.83091229
1301011200,65.11546079
1301270400,62.89076939
1301356800,61.4806909
1301443200,61.0882094
1301529600,60.88667337
1301616000,60.5344664
1301875200,60.02018599
1301961600,53.92069286
1302048000,55.75915039
1302134400,57.48395662
1302220800,58.18007699
1302480000,57.00045271
1302566400,58.73891345
1302652800,62.85367684
1302739200,65.76242882
1302825600,67.48382974
1303084800,70.35993596
1303171200,70.42521059
1303257600,71.07895988
1303344000,69.56675644
1303689600,76.58329184
1303776000,75.77108001
1303862400,77.9871893
1303948800,78.98897868
1304035200,81.32072451
1304294400,79.4619049
1304380800,80.2167387
1304467200,80.73141809
1304553600,79.33725654
1304640000,78.54792172
1304899200,79.77912928
1304985600,79.03902592
1305072000,84.50901108
1305158400,83.02387409
1305244800,84.03635546
1305504000,81.60754123
1305590400,82.36722942
1305676800,80.1037472
1305763200,78.22843788
1305849600,78.38300559
1306108800,77.0959154
1306195200,77.84281866
1306281600,78.31104187
1306368000,80.34963311
1306454400,80.67252649
1306800000,78.69858417
1306886400,78.2548346
1306972800,79.87499565
1307059200,81.47041379
1307318400,84.91152488
1307404800,83.27077191
1307491200,86.245986
1307577600,86.84502642
1307664000,84.95965223
1307923200,72.36790108
1308009600,72.12945896
1308096000,69.87342514
1308182400,68.14582867
1308268800,64.48728917
1308528000,62.6091048
1308614400,62.49099588
1308700800,62.76834226
1308787200,62.78544925
1308873600,63.14292589
1309132800,58.3954813
1309219200,58.64814102
1309305600,58.63979624
1309392000,58.29718215
1309478400,56.11642914
1309824000,48.98463057
1309910400,44.37779964
1309996800,51.83297528
1310083200,52.12428061
1310342400,50.82544604
1310428800,49.43125809
1310515200,48.66606186
1310601600,48.34717952
1310688000,48.52968519
1310947200,45.04151083
1311033600,48.97780552
1311120000,49.15611529
1311206400,49.11108179
1311292800,48.82194892
1311552000,49.99541844
1311638400,50.09102279
1311724800,49.41182533
1311811200,49.41759218
1311897600,47.85813856
1312156800,47.2766747
1312243200,45.62390123
1312329600,42.51560063
1312416000,24.929942
1312502400,35.07003832
1312761600,15.707638
1312848000,14.08663513
1312934400,28.41954859
1313020800,32.73688851
1313107200,28.80318564
1313366400,37.45179929
1313452800,39.30489968
1313539200,38.16547724
1313625600,38.26184789
1313712000,37.30136341
1313971200,39.77624757
1314057600,37.92648662
1314144000,37.55133913
1314230400,37.08614514
1314316800,27.60754675
1314576000,28.23796591
1314662400,27.42318613
1314748800,25.97085326
1314835200,20.66793678
1314921600,21.06714907
1315267200,14.84395968
1315353600,5.789615003
1315440000,9.774902506
1315526400,1.456504953
1315785600,-5.715014611
1315872000,-1.217550309
1315958400,-5.285432428
1316044800,-10.43551481
1316131200,-26.8009457
1316390400,-15.9261048
1316476800,-10.01609691
1316563200,0.817335456
1316649600,-7.01796642
1316736000,-10.40000065
1316995200,-13.17095689
1317081600,-23.09319259
1317168000,-27.15781767
1317254400,-27.01730945
1317340800,-24.91824408
1317600000,-19.16766911
1317686400,-18.45246531
1317772800,-19.90523513
1317859200,-21.74967327
1317945600,-25.2506871
1318204800,-43.45261817
1318291200,-45.06298598
1318377600,-45.67367258
1318464000,-40.25816121
1318550400,-44.78203178
1318809600,-62.04695589
1318896000,-120.1323184
1318982400,-140.5774124
1319068800,-156.431653
1319155200,-143.2314525
1319414400,-80.24258107
1319500800,-124.1878925
1319587200,-105.0050511
1319673600,-103.3341054
1319760000,-90.11906147
1320019200,-73.42855753
1320105600,-74.27545026
1320192000,-80.29172188
1320278400,-73.10377296
1320364800,-77.17719249
1320624000,-88.99916532
1320710400,-86.52078314
1320796800,-84.19575042
1320883200,-84.03178608
1320969600,-89.75911348
1321228800,-81.17835361
1321315200,-151.6549354
1321401600,-133.0466091
1321488000,-98.86036302
1321574400,-121.9891874
1321833600,-125.5994337
1321920000,-116.736358
1322006400,-113.539739
1322179200,-104.2530889
1322438400,-99.32680469
1322524800,-91.97036752
1322611200,-76.22611876
1322697600,-66.59815471
1322784000,-59.4219402
1323043200,-72.69197565
1323129600,-71.19203921
1323216000,-61.31809607
1323302400,-62.40078014
1323388800,-62.49764168
1323648000,-49.85445491
1323734400,-52.91181194
1323820800,-49.60790763
1323907200,-55.53088138
1323993600,-51.4046888
1324252800,-51.91807029
1324339200,-37.81446222
1324425600,-22.40648068
1324512000,-25.63253997
1324598400,-24.96564957
1324944000,-22.37729662
1325030400,-18.98738643
1325116800,-16.92095493
1325203200,-16.98080589
1325548800,5.814075482
1325635200,-1.039179604
1325721600,11.61923267
1325808000,28.41923637
1326067200,29.17234009
1326153600,18.24614715
1326240000,21.24501785
1326326400,26.18340994
1326412800,23.09974744
1326758400,22.42688489
1326844800,8.366640745
1326931200,13.15103666
1327017600,18.50674383
1327276800,17.03185273
1327363200,18.69769292
1327449600,17.18786758
1327536000,11.02137846
1327622400,3.483959687
1327881600,4.903843367
1327968000,6.655886975
1328054400,6.572761088
1328140800,15.39575587
1328227200,15.81543907
1328486400,8.929722722
1328572800,5.774940853
1328659200,9.49637635
1328745600,9.303565798
1328832000,11.98264959
1329091200,6.667315109
1329177600,4.665024609
1329264000,-14.11156499
1329350400,-14.8377893
1329436800,-18.49577872
1329782400,-14.02876353
1329868800,-15.8179736
1329955200,-11.95777504
1330041600,0.625205766
1330300800,-1.314816945
1330387200,-0.676025116
1330473600,-2.684095496
1330560000,-1.993760754
1330646400,-0.753956617
1330905600,-2.529345839
1330992000,-2.939001643
1331078400,0.850148838
1331164800,-0.620103215
1331251200,-0.435603443
1331510400,-0.972048154
1331596800,-0.822883682
1331683200,6.155368447
1331769600,7.956408888
1331856000,7.215200938
1332115200,5.532627313
1332201600,-6.062620617
1332288000,-2.40284974
1332374400,-2.823918264
1332460800,-3.801680563
1332720000,-8.146120272
1332806400,-5.55685709
1332892800,-2.235103679
1332979200,-2.235392541
1333065600,-3.054252616
1333324800,-0.8776532
1333411200,2.731211815
1333497600,2.553378318
1333584000,0.962843912
1333929600,-0.856680794
1334016000,-0.327441092
1334102400,-0.002049736
1334188800,1.23294649
1334275200,1.254935671
1334534400,2.553546615
1334620800,1.982941485
1334707200,2.496259796
1334793600,5.520126622
1334880000,4.870061901
1335139200,6.204065922
1335225600,5.11286796
1335312000,3.745608022
1335398400,5.288961697
1335484800,4.185793742
1335744000,0.349966248
1335830400,1.414994236
1335916800,2.611797917
1336003200,3.253432457
1336089600,4.589755602
1336348800,3.801756933
1336435200,3.749766449
1336521600,3.733689442
1336608000,2.49869572
1336694400,2.215468805
1336953600,1.397447076
1337040000,2.968786616
1337126400,2.917842432
1337212800,3.895932407
1337299200,4.697080509
1337558400,5.416827013
1337644800,5.512572023
1337731200,5.560026211
1337817600,6.303628771
1337904000,6.324220863
1338249600,6.856441478
1338336000,7.077128447
1338422400,6.823750172
1338508800,8.077986749
1338768000,8.585548408
1338854400,9.312905595
1338940800,11.66197454
1339027200,11.80279825
1339113600,14.40260369
1339372800,12.26479067
1339459200,14.10807535
1339545600,16.07643508
1339632000,18.43195125
1339718400,18.94822616
1339977600,21.02296731
1340064000,22.65737734
1340150400,24.97297748
1340236800,27.07296529
1340323200,26.84860398
1340582400,22.83031282
1340668800,22.29076783
1340755200,23.86234232
1340841600,25.88411213
1340928000,25.24205759
1341187200,25.47027921
1341273600,26.89982637
1341446400,24.03876533
1341532800,25.66224088
1341792000,27.05271586
1341878400,28.44885842
1341964800,31.57492581
1342051200,31.24304885
1342137600,35.94787109
1342396800,35.14441893
1342483200,40.8713216
1342569600,42.28078148
1342656000,44.36339265
1342742400,42.51353329
1343001600,39.75286482
1343088000,40.24474023
1343174400,39.84541815
1343260800,41.16091153
1343347200,40.9641546
1343606400,39.61330412
1343692800,42.34524011
1343779200,43.72568842
1343865600,44.43075206
1343952000,48.34508157
1344211200,49.59628465
1344297600,49.91694354
1344384000,49.56314875
1344470400,50.12781363
1344556800,50.14063689
1344816000,51.90661679
1344902400,52.98064291
1344988800,53.59548919
1345075200,56.76710421
1345161600,57.27415211
1345420800,27.89747073
1345507200,41.29940655
1345593600,41.34536536
1345680000,40.39623414
1345766400,42.25556348
1346025600,44.44617986
1346112000,45.05489664
1346198400,45.4028873
1346284800,44.62681706
1346371200,44.01158128
1346716800,42.48575552
1346803200,41.68557709
1346889600,44.67193156
1346976000,45.26440971
1347235200,44.29332242
1347321600,44.0272477
1347408000,44.40772783
1347494400,44.56919698
1347580800,44.72019743
1347840000,46.73246857
1347926400,46.68047805
1348012800,48.17326176
1348099200,48.82276802
1348185600,47.73761245
1348444800,46.60612487
1348531200,46.12706282
1348617600,46.11709331
1348704000,46.95795673
1348790400,46.74377582
1349049600,46.71120329
1349136000,46.64061231
1349222400,47.9886143
1349308800,46.99630185
1349395200,47.45574259
1349654400,43.18125521
1349740800,42.51719871
1349827200,43.42955672
1349913600,44.27911503
1350000000,44.27515915
1350259200,42.08609656
1350345600,42.72522236
1350432000,43.05729354
1350518400,42.89585965
1350604800,43.07331114
1350864000,41.49397999
1350950400,41.80779946
1351036800,41.66309708
1351123200,41.02180295
1351209600,36.50108627
1351641600,36.77884232
1351728000,38.11058215
1351814400,35.57727008
1352073600,36.84320929
1352160000,36.18469436
1352246400,36.88384351
1352332800,37.05184168
1352419200,36.56006774
1352678400,34.86884348
1352764800,37.43463793
1352851200,36.75454578
1352937600,37.10202309
1353024000,38.31192924
1353283200,40.20563917
1353369600,40.60482426
1353456000,40.69331303
1353628800,43.21515841
1353888000,43.58129039
1353974400,42.11494506
1354060800,41.54755934
1354147200,42.43095517
1354233600,43.02661724
1354492800,42.73667792
1354579200,43.61845108
1354665600,46.3335694
1354752000,45.28125472
1354838400,45.78778296
1355097600,45.23417051
1355184000,45.73656912
1355270400,46.05656728
1355356800,46.09455011
1355443200,46.28097162
1355702400,44.82771002
1355788800,44.11415074
1355875200,44.11895032
1355961600,45.14605759
1356048000,44.92688337
1356307200,44.13673968
1356480000,44.22185714
1356566400,44.45531649
1356652800,44.29691719
1356912000,44.41288291
1357084800,43.19814561
1357171200,42.31591515
1357257600,43.00107276
1357516800,42.66415984
1357603200,42.82181634
1357689600,43.93406008
1357776000,44.19622374
1357862400,45.68508705
1358121600,43.98335684
1358208000,45.21232923
1358294400,46.04123166
1358380800,46.63866457
1358467200,49.75842335
1358812800,52.50901223
1358899200,54.05689505
1358985600,54.15074276
1359072000,53.44188085
1359331200,53.13638943
1359417600,55.75666455
1359504000,56.60773329
1359590400,56.36449865
1359676800,57.92225399
1359936000,56.46300652
1360022400,56.26397384
1360108800,56.59377091
1360195200,57.04726525
1360281600,58.30142799
1360540800,60.78189813
1360627200,60.93720559
1360713600,62.59559106
1360800000,61.89100669
1360886400,64.65769878
1361232000,62.6085033
1361318400,65.23852548
1361404800,65.60705057
1361491200,65.30130244
1361750400,64.02962857
1361836800,64.05136161
1361923200,64.48313001
1362009600,64.65614088
1362096000,66.03298375
1362355200,66.02208238
1362441600,67.68423702
1362528000,70.26778921
1362614400,70.08657015
1362700800,68.98231122
1362960000,70.21072038
1363046400,71.63018005
1363132800,69.09120886
1363219200,70.17258813
1363305600,69.79879761
1363564800,69.11878112
1363651200,70.64489608
1363737600,73.98349095
1363824000,75.67128192
1363910400,76.896753
1364169600,74.75726403
1364256000,75.41116683
1364342400,76.26901667
1364428800,77.87012325
1364774400,77.10378324
1364860800,77.62386394
1364947200,78.82827204
1365033600,79.5640265
1365120000,79.20175715
1365379200,80.45065029
1365465600,81.30860336
1365552000,82.25296045
1365638400,73.31446019
1365724800,51.35781207
1365984000,57.53267105
1366070400,48.33327995
1366156800,44.5340711
1366243200,57.41372491
1366329600,63.44715873
1366588800,65.43900848
1366675200,66.74117124
1366761600,69.30733786
1366848000,70.60714654
1366934400,68.49243251
1367193600,66.36969218
1367280000,67.76285465
1367366400,66.7759936
1367452800,60.54120602
1367539200,56.36881195
1367798400,60.68450982
1367884800,58.95091245
1367971200,58.63205876
1368057600,59.2966655
1368144000,58.47527297
1368403200,59.28116633
1368489600,59.76304553
1368576000,56.50896548
1368662400,57.01938871
1368748800,58.73440653
1369008000,59.4091991
1369094400,59.75455461
1369180800,59.57805722
1369267200,60.0924656
1369353600,61.50004266
1369699200,61.40958107
1369785600,61.24793191
1369872000,62.31341318
1369958400,61.02195137
1370217600,59.42521424
1370304000,59.60544171
1370390400,58.55811918
1370476800,58.47848157
1370563200,57.77994285
1370822400,49.63788762
1370908800,51.85012579
1370995200,53.11094614
1371081600,52.83503501
1371168000,50.76708239
1371427200,49.23729425
1371513600,49.74785656
1371600000,51.75180909
1371686400,52.1947608
1371772800,51.14390484
1372032000,49.89672906
1372118400,49.26468515
1372204800,48.56512627
1372291200,48.88731706
1372377600,48.03075946
1372636800,43.94264037
1372723200,40.18451161
1372809600,42.70798627
1372982400,36.75091072
1373241600,31.56491022
1373328000,33.60887545
1373414400,34.40146042
1373500800,42.32412726
1373587200,43.27520263
1373846400,44.57310454
1373932800,46.69953813
1374019200,45.46222252
1374105600,45.17166075
1374192000,41.56491558
1374451200,42.1316902
1374537600,41.97982626
1374624000,42.81398633
1374710400,43.70929102
1374796800,44.76725186
1375056000,46.01479123
1375142400,46.56994674
1375228800,48.37796626
1375315200,48.75258607
1375401600,48.04389519
1375660800,47.35382633
1375747200,48.00703268
1375833600,47.91738526
1375920000,47.5215846
1376006400,45.9739491
1376265600,45.82446121
1376352000,46.47904754
1376438400,47.58048196
1376524800,48.17671015
1376611200,47.51229392
1376870400,47.97611753
1376956800,49.64528128
1377043200,50.42774413
1377129600,53.11420222
1377216000,52.39520862
1377475200,53.69557899
1377561600,53.03507222
1377648000,55.22282307
1377734400,55.16237329
1377820800,55.26561853
1378166400,58.31693483
1378252800,57.8812597
1378339200,55.45709383
1378425600,55.54777194
1378684800,53.80799337
1378771200,54.7462089
1378857600,54.93924307
1378944000,56.64820034
1379030400,56.22222288
1379289600,55.33846752
1379376000,55.6052075
1379462400,55.7849998
1379548800,55.75160263
1379635200,54.419574
1379894400,53.80038494
1379980800,53.68565631
1380067200,53.95230078
1380153600,53.94607832
1380240000,54.12575427
1380499200,54.79056886
1380585600,54.43217952
1380672000,54.77877428
1380758400,44.59296876
1380844800,51.08807826
1381104000,52.83927814
1381190400,52.84566622
1381276800,53.12891644
1381363200,53.53379433
1381449600,53.7630082
1381708800,55.53289785
1381795200,56.29511976
1381881600,58.70141327
1381968000,56.54270323
1382054400,58.18135783
1382313600,63.16851053
1382400000,65.19910088
1382486400,66.27319238
1382572800,67.87184689
1382659200,66.01791371
1382918400,64.60948897
1383004800,64.8492027
1383091200,65.71908775
1383177600,64.53901001
1383264000,65.19051997
1383523200,65.79387302
1383609600,67.61180332
1383696000,69.11202939
1383782400,70.85059462
1383868800,72.5750104
1384128000,73.74875153
1384214400,74.64642582
1384300800,74.87641823
1384387200,76.57468132
1384473600,77.16039587
1384732800,78.59909344
1384819200,82.74150399
1384905600,78.82114026
1384992000,79.77991857
1385078400,82.39700464
1385337600,81.04824609
1385424000,80.44582032
1385510400,80.26495276
1385683200,80.1085066
1385942400,76.53529348
1386028800,78.0568603
1386115200,77.87189925
1386201600,78.83331692
1386288000,76.38760976
1386547200,68.60669284
1386633600,72.23347177
1386720000,74.22897089
1386806400,70.96089014
1386892800,70.77067488
1387152000,69.98798225
1387238400,62.34981185
1387324800,62.21466065
1387411200,50.70201543
1387497600,62.36191789
1387756800,57.97344277
1387843200,60.66995121
1388016000,61.02188648
1388102400,64.39324411
1388361600,63.14056598
1388448000,63.5113062
1388620800,64.31531413
1388707200,65.56941942
1388966400,69.18979807
1389052800,69.14407533
1389139200,65.27225732
1389225600,65.43379423
1389312000,65.51754543
1389571200,65.70566237
1389657600,64.90848251
1389744000,64.34035536
1389830400,65.13869356
1389916800,63.94733213
1390262400,64.28786816
1390348800,63.99273534
1390435200,63.64893644
1390521600,63.23778402
1390780800,63.13912119
1390867200,60.08691302
1390953600,61.76271593
1391040000,62.01690442
1391126400,62.22528827
1391385600,62.71030471
1391472000,62.28378234
1391558400,62.00285775
1391644800,59.70243057
1391731200,58.74343236
1391990400,54.19286551
1392076800,54.39145449
1392163200,54.01822702
1392249600,51.92568822
1392336000,48.39600193
1392681600,50.29220657
1392768000,49.94270141
1392854400,49.85111963
1392940800,44.3345343
1393200000,48.52175265
1393286400,42.95326491
1393372800,42.69364206
1393459200,47.18035092
1393545600,47.23167181
1393804800,44.28482315
1393891200,54.16735947
1393977600,53.90277179
1394064000,53.62283441
1394150400,53.43426758
1394409600,48.7298645
1394496000,47.76805072
1394582400,48.08064253
1394668800,47.95206
1394755200,48.51450542
1395014400,47.96327772
1395100800,47.03740463
1395187200,45.94510185
1395273600,45.87013899
1395360000,43.54748708
1395619200,40.83694457
1395705600,43.25634228
1395792000,43.24504846
1395878400,42.71081297
1395964800,29.8095162
1396224000,28.02757274
1396310400,27.92431019
1396396800,31.30086559
1396483200,25.2350908
1396569600,26.90544309
1396828800,28.5102847
1396915200,27.14530124
1397001600,27.90060753
1397088000,26.09486584
1397174400,11.41534494
1397433600,22.21337895
1397520000,29.33539868
1397606400,37.84414952
1397692800,38.15167581
1398038400,34.87814633
1398124800,34.24461346
1398211200,33.4341796
1398297600,33.36103245
1398384000,34.98145028
1398643200,25.58429846
1398729600,26.08676853
1398816000,27.24833598
1398902400,27.40487037
1398988800,29.16743666
1399248000,25.6426659
1399334400,24.55784301
1399420800,24.01751749
1399507200,26.65304643
1399593600,26.10313421
1399852800,25.80848799
1399939200,26.54145556
1400025600,26.00609738
1400112000,27.07727554
1400198400,27.24217649
1400457600,27.35006302
1400544000,27.56288833
1400630400,33.60225714
1400716800,34.13927451
1400803200,38.4653935
1401148800,43.94013786
1401235200,42.3239347
1401321600,43.04793922
1401408000,41.93505446
1401667200,46.74549619
1401753600,49.26969535
1401840000,49.91729717
1401926400,47.51908133
1402012800,48.926917
1402272000,48.53739308
1402358400,47.6681981
1402444800,47.54486464
1402531200,45.33648357
1402617600,39.57782029
1402876800,40.83496222
1402963200,41.45125572
1403049600,42.98154038
1403136000,43.05767077
1403222400,41.66200596
1403481600,42.24302174
1403568000,41.10012714
1403654400,39.48604067
1403740800,38.10162124
1403827200,40.04009265
1404086400,41.86772549
1404172800,45.22205195
1404259200,45.71895546
1404345600,46.04204366
1404691200,44.07716944
1404777600,43.65775153
1404864000,43.48379072
1404950400,43.22003485
1405036800,42.71557803
1405296000,43.8664843
1405382400,42.89072695
1405468800,43.19158616
1405555200,42.55929842
1405641600,43.35365869
1405900800,43.26210153
1405987200,42.84285503
1406073600,42.63410166
1406160000,42.56503765
1406246400,41.01844076
1406505600,39.74173589
1406592000,39.53305882
1406678400,38.99848665
1406764800,36.77020996
1406851200,38.77372249
1407110400,39.1300143
1407196800,39.2713765
1407283200,38.04628272
1407369600,38.25780212
1407456000,38.59379958
1407715200,38.90854024
1407801600,37.23771146
1407888000,36.55453331
1407974400,34.48735828
1408060800,28.91136959
1408320000,27.87617031
1408406400,24.26390609
1408492800,26.87575566
1408579200,30.79355912
1408665600,31.12302805
1408924800,29.50589003
1409011200,28.82013975
1409097600,30.09248946
1409184000,30.00524897
1409270400,29.56280729
1409616000,25.0799814
1409702400,24.83072489
1409788800,24.91317102
1409875200,26.98448675
1410134400,25.30058467
1410220800,23.89143676
1410307200,24.85402729
1410393600,25.55408568
1410480000,25.56084171
1410739200,25.24876588
1410825600,24.3628016
1410912000,23.35200734
1410998400,21.43291453
1411084800,16.77872065
1411344000,11.984855
1411430400,11.80767212
1411516800,19.88765281
1411603200,16.93950913
1411689600,14.16533891
1411948800,6.555302111
1412035200,6.260189305
1412121600,10.73079961
1412208000,9.02975411
1412294400,7.144870817
1412553600,-7.251141182
1412640000,-4.76710056
1412726400,-2.671759438
1412812800,3.957321782
1412899200,5.91867597
1413158400,9.814418977
1413244800,12.28422111
1413331200,15.0589674
1413417600,13.38284813
1413504000,10.7920623
1413763200,11.92073986
1413849600,10.28139506
1413936000,11.27065867
1414022400,10.70102099
1414108800,4.343928707
1414368000,3.908490322
1414454400,3.040723612
1414540800,4.506105465
1414627200,-1.248349123
1414713600,1.957113142
1414972800,-4.149904282
1415059200,-3.537000761
1415145600,-2.693388312
1415232000,0.441469249
1415318400,3.568731014
1415577600,7.708646828
1415664000,7.838758349
1415750400,8.738819476
1415836800,20.45753733
1415923200,18.94512837
1416182400,13.20006565
1416268800,12.81273702
1416355200,9.93715339
1416441600,10.85221331
1416528000,5.455913365
1416787200,8.450287134
1416873600,10.56839692
1416960000,10.47057224
1417132800,9.019875336
1417392000,11.56306415
1417478400,11.64889239
1417564800,12.23538231
1417651200,11.55968414
1417737600,9.760341532
1417996800,11.92679205
1418083200,9.039253366
1418169600,6.546668046
1418256000,5.446799592
1418342400,6.002554817
1418601600,8.511097191
1418688000,5.77988121
1418774400,0.554578415
1418860800,-1.752771656
1418947200,-4.492612396
1419206400,-1.127777103
1419292800,2.150471027
1419379200,3.929327955
1419552000,-0.997491016
1419811200,-1.567093188
1419897600,-3.156524832
1419984000,-3.042849025
1420156800,-1.99877442
1420416000,-20.80363229
1420502400,-14.89514792
1420588800,-14.88538599
1420675200,-14.86797803
1420761600,-11.56795442
1421020800,-17.08534368
1421107200,-18.07821664
1421193600,-38.83728606
1421280000,-87.20504689
1421366400,-46.11695814
1421712000,-42.85894246
1421798400,-46.60957435
1421884800,-35.34473555
1421971200,-32.42863012
1422230400,-21.01059202
1422316800,-12.00407307
1422403200,-16.40041869
1422489600,-29.24069848
1422576000,-30.17292162
1422835200,-33.83184331
1422921600,-28.23640861
1423008000,-33.88171959
1423094400,-34.32600869
1423180800,-39.77841359
1423440000,-35.66058927
1423526400,-37.34940557
1423612800,-37.33148863
1423699200,-37.95090565
1423785600,-35.96957714
1424131200,-27.86435923
1424217600,-24.4071652
1424304000,-27.37568718
1424390400,-24.53264367
1424649600,-27.47312698
1424736000,-26.44952233
1424822400,-25.72562087
1424908800,-26.508594
1424995200,-26.99784427
1425254400,-16.44642806
1425340800,-9.14365841
1425427200,-6.48968436
1425513600,-10.05290672
1425600000,-9.076130939
1425859200,-9.015856098
1425945600,-3.535244105
1426032000,-2.718565792
1426118400,-1.368039527
1426204800,-1.874563202
1426464000,-4.613476246
1426550400,-3.232171869
1426636800,-5.073612278
1426723200,-16.12434525
1426809600,-14.41192183
1427068800,-11.78262969
1427155200,-12.5697085
1427241600,-21.85183748
1427328000,-21.1428284
1427414400,-19.76980961
1427673600,-22.96184783
1427760000,-20.10974996
1427846400,-21.9417697
1427932800,-20.20726323
1428278400,-13.86298576
1428364800,-15.96667884
1428451200,-17.04215508
1428537600,-20.67166058
1428624000,-21.39504023
1428883200,-25.07533079
1428969600,-31.3390077
1429056000,-34.30986263
1429142400,-31.39912525
1429228800,-29.01893476
1429488000,-31.44920743
1429574400,-30.36064531
1429660800,-24.91922089
1429747200,-25.48725764
1429833600,-24.20706671
1430092800,-32.82730526
1430179200,-28.68623566
1430265600,-29.84406567
1430352000,-29.56732259
1430438400,-23.7746867
1430697600,-22.12990133
1430784000,-22.33658286
1430870400,-23.71257384
1430956800,-27.18980658
1431043200,-23.52978012
1431302400,-21.56731926
1431388800,-20.71441729
1431475200,-20.6145105
1431561600,-23.10436564
1431648000,-22.8699956
1431907200,-23.09238464
1431993600,-24.98644522
1432080000,-25.41268001
1432166400,-24.17770033
1432252800,-23.55520587
1432598400,-22.63496468
1432684800,-22.59784917
1432771200,-22.53860773
1432857600,-22.45096664
1433116800,-25.69150949
1433203200,-29.10585535
1433289600,-27.78753716
1433376000,-27.7282519
1433462400,-28.48937846
1433721600,-28.70935533
1433808000,-25.64883266
1433894400,-25.59087476
1433980800,-25.7637924
1434067200,-25.21188048
1434326400,-23.74076817
1434412800,-21.37856038
1434499200,-14.44188013
1434585600,-15.40195177
1434672000,-15.33496835
1434931200,-17.48163419
1435017600,-16.27398079
1435104000,-17.55364892
1435190400,-19.46794459
1435276800,-18.30660355
1435536000,-15.24528534
1435622400,-11.65706681
1435708800,-8.771946461
1435795200,-11.13460695
1436140800,-5.518026254
1436227200,-6.543335978
1436313600,-7.85957947
1436400000,-5.966496744
1436486400,-6.344649212
1436745600,7.650596907
1436832000,1.895031724
1436918400,0.26592439
1437004800,-0.493953958
1437091200,-2.980885305
1437350400,-4.371093367
1437436800,-2.902842662
1437523200,-3.520972159
1437609600,-3.301515501
1437696000,-3.470272432
1437955200,2.019807411
1438041600,2.288412495
1438128000,2.6522358
1438214400,0.959529075
1438300800,0.408192404
1438560000,-1.723614298
1438646400,-1.872113718
1438732800,-0.644455108
1438819200,-1.849057445
1438905600,-3.082907957
1439164800,-6.691440933
1439251200,-7.749036052
1439337600,-5.223164087
1439424000,-6.59490538
1439510400,-7.770089793
1439769600,-10.13960382
1439856000,-10.8767683
1439942400,-27.62056735
1440028800,-24.24461704
1440115200,-20.20779802
1440374400,-23.48261908
1440460800,-33.53203765
1440547200,-26.09492979
1440633600,-23.64732568
1440720000,-24.00654017
1440979200,-22.140683
1441065600,-21.14620721
1441152000,-22.6543785
1441238400,-22.04970516
1441324800,-22.78179802
1441670400,-15.97710466
1441756800,-14.22297377
1441843200,-17.01780693
1441929600,-16.78390038
1442188800,-21.0852504
1442275200,-20.77708352
1442361600,-20.72770817
1442448000,-21.76117719
1442534400,-19.36434812
1442793600,-20.51238778
1442880000,-22.64037636
1442966400,-20.50955993
1443052800,-20.84103113
1443139200,-18.40719226
1443398400,-19.01565464
1443484800,-15.8647514
1443571200,-17.01527761
1443657600,-17.11437847
1443744000,-16.60351549
1444003200,-15.85310422
1444089600,-15.18528075
1444176000,-12.36502948
1444262400,-13.86755972
1444348800,-14.0109123
1444608000,-11.4511507
1444694400,-12.53626368
1444780800,-10.65905103
1444867200,-9.261560952
1444953600,-8.585476814
1445212800,-4.83600022
1445299200,-4.660113419
1445385600,-2.284249033
1445472000,-3.319217635
1445558400,-0.619275455
1445817600,3.307008874
1445904000,3.128342411
1445990400,5.742567485
1446076800,8.336938344
1446163200,11.61085769
1446422400,14.3954285
1446508800,22.14959653
1446595200,29.47465204
1446681600,29.75200632
1446768000,25.39056959
1447027200,22.42640699
1447113600,24.07149098
1447200000,14.08331452
1447286400,6.845453014
1447372800,15.13615261
1447632000,10.3188238
1447718400,13.33600982
1447804800,14.42414234
1447891200,14.00236627
1447977600,11.89394218
1448236800,11.13916516
1448323200,10.92327448
1448409600,10.18766277
1448582400,18.32510761
1448841600,21.64404116
1448928000,23.15262156
1449014400,20.14944244
1449100800,19.32683853
1449187200,19.78236488
1449446400,24.92536554
1449532800,26.15701966
1449619200,29.898186
1449705600,29.72020807
1449792000,29.25939692
1450051200,31.86118381
1450137600,33.17324402
1450224000,35.83978428
1450310400,34.38527531
1450396800,34.58826883
1450656000,32.27365929
1450742400,31.50334324
1450828800,31.05667444
1450915200,32.18355654
1451260800,28.76142562
1451347200,28.6360464
1451433600,30.48958784
1451520000,29.66133774
1451865600,30.03614979
1451952000,30.42246695
1452038400,30.27573401
1452124800,29.72292631
1452211200,33.98544742
1452470400,32.19650176
1452556800,32.06883627
1452643200,30.64482175
1452729600,29.53971655
1452816000,29.10591561
1453161600,21.11230588
1453248000,19.43612539
1453334400,27.47099342
1453420800,25.65867461
1453680000,24.80960913
1453766400,22.68678928
1453852800,22.77925778
1453939200,23.16129046
1454025600,20.2844662
1454284800,17.84597504
1454371200,18.6399965
1454457600,19.12683994
1454544000,18.21699056
1454630400,22.26691212
1454889600,19.87412364
1454976000,18.77608141
1455062400,19.25774527
1455148800,20.32853499
1455235200,20.26266121
1455580800,24.20550161
1455667200,25.56793984
1455753600,26.87462176
1455840000,27.9032715
1456099200,30.42263248
1456185600,30.25224829
1456272000,27.30867671
1456358400,27.97554129
1456444800,27.89456959
1456704000,29.06230148
1456790400,29.6774293
1456876800,28.97822197
1456963200,26.84984982
1457049600,26.66146076
1457308800,24.0423918
1457395200,25.96553499
1457481600,25.18872932
1457568000,25.44880079
1457654400,26.0874294
1457913600,25.35255502
1458000000,25.67216073
1458086400,25.79978358
1458172800,25.88718779
1458259200,26.25784966
1458518400,25.08214686
1458604800,24.96249439
1458691200,25.81402358
1458777600,25.96577905
1459123200,27.07567691
1459209600,26.63179203
1459296000,25.46860189
1459382400,24.81385831
1459468800,25.37244416
1459728000,26.00461406
1459814400,25.94327367
1459900800,26.3389808
1459987200,26.13139089
1460073600,25.9522543
1460332800,25.99130619
1460419200,26.20189003
1460505600,26.65795329
1460592000,26.45927561
1460678400,26.49604927
1460937600,27.17102788
1461024000,27.08148846
1461110400,28.14563664
1461196800,28.99067721
1461283200,30.50826644
1461542400,31.79956699
1461628800,32.25649148
1461715200,32.61082663
1461801600,29.264726
1461888000,29.7373786
1462147200,30.44299104
1462233600,28.8549246
1462320000,29.73226137
1462406400,29.16065881
1462492800,29.39502731
1462752000,31.0454642
1462838400,31.34054602
1462924800,29.59609628
1463011200,29.86998606
1463097600,30.00423028
1463356800,30.71892085
1463443200,29.75405848
1463529600,29.33499062
1463616000,29.5005641
1463702400,27.38980344
1463961600,27.27212956
1464048000,27.75986534
1464134400,28.05827028
1464220800,28.66891298
1464307200,29.16791101
1464652800,38.54834569
1464739200,38.39110124
1464825600,38.81467178
1464912000,38.83942697
1465171200,42.29746038
1465257600,43.16274851
1465344000,42.37770227
1465430400,42.78752375
1465516800,42.05442188
1465776000,49.54207594
1465862400,51.37954035
1465948800,49.79798189
1466035200,50.2150971
1466121600,54.19090088
1466380800,53.73249421
1466467200,50.31416526
1466553600,46.75757381
1466640000,39.34839646
1466726400,43.58997529
1466985600,44.06809245
1467072000,45.28949605
1467158400,44.87496618
1467244800,44.09525397
1467331200,46.80913815
1467676800,47.20882459
1467763200,46.18523909
1467849600,46.75452606
1467936000,43.75141465
1468195200,44.37963266
1468281600,44.36676048
1468368000,45.41989309
1468454400,44.60375722
1468540800,44.9942585
1468800000,46.28096218
1468886400,45.98604811
1468972800,45.84248343
1469059200,45.28117661
1469145600,45.21451162
1469404800,44.49946281
1469491200,44.25351498
1469577600,44.04976927
1469664000,44.06200099
1469750400,43.92247073
1470009600,41.40426977
1470096000,39.16645081
1470182400,32.68073283
1470268800,36.10197667
1470355200,37.47920717
1470614400,38.56236802
1470700800,38.20886416
1470787200,37.64279097
1470873600,38.38694315
1470960000,37.76608642
1471219200,36.10910562
1471305600,35.72055547
1471392000,36.85180438
1471478400,36.37067203
1471564800,36.32441296
1471824000,36.9274726
1471910400,37.3779154
1471996800,37.07155688
1472083200,36.70577051
1472169600,36.2832521
1472428800,36.18192582
1472515200,35.96892021
1472601600,36.19789662
1472688000,35.70871618
1472774400,35.84873855
1473120000,39.23400249
1473206400,39.80192902
1473292800,40.01187312
1473379200,41.17502155
1473638400,38.99898372
1473724800,39.05936488
1473811200,39.08887319
1473897600,39.12233932
1473984000,38.75310766
1474243200,39.19588193
1474329600,39.01240703
1474416000,38.71850534
1474502400,37.68013973
1474588800,37.55208724
1474848000,38.02117002
1474934400,38.58340694
1475020800,38.42678341
1475107200,38.35322184
1475193600,38.47414617
1475452800,38.75645443
1475539200,38.9684667
1475625600,38.62512693
1475712000,38.80288601
1475798400,38.82357453
1476057600,39.14636112
1476144000,39.38814968
1476230400,41.49429678
1476316800,40.82687202
1476403200,40.77185918
1476662400,41.11733491
1476748800,40.87861264
1476835200,40.47771156
1476921600,39.89020803
1477008000,39.79837145
1477267200,41.70167799
1477353600,41.41139293
1477440000,41.83106022
1477526400,43.46032833
1477612800,44.03558097
1477872000,44.99307355
1477958400,44.89166554
1478044800,47.18308461
1478131200,47.4095731
1478217600,43.98378456
1478476800,45.80292643
1478563200,44.9131563
1478649600,45.41457684
1478736000,46.06873019
1478822400,45.44064268
1479081600,44.60018924
1479168000,44.6476201
1479254400,45.18933511
1479340800,46.9150805
1479427200,46.21782043
1479686400,45.87447422
1479772800,46.36680591
1479859200,47.16291424
1480032000,46.04888039
1480291200,45.36443064
1480377600,45.36732669
1480464000,45.49096261
1480550400,46.16462273
1480636800,46.8022756
1480896000,47.19506029
1480982400,46.15571537
1481068800,46.60125105
1481155200,46.92401382
1481241600,47.07120912
1481500800,46.95867038
1481587200,47.48905245
1481673600,47.45885127
1481760000,47.24640168
1481846400,47.12463049
1482105600,47.87460702
1482192000,47.81672403
1482278400,48.32765978
1482364800,49.79391381
1482451200,51.35793374
1482796800,53.04884055
1482883200,54.09510369
1482969600,56.40697171
1483056000,55.73572419
1483401600,57.0631795
1483488000,57.4167205
1483574400,60.61515542
1483660800,55.40639385
1483920000,51.45437826
1484006400,50.40819898
1484092800,50.54102392
1484179200,43.47883086
1484265600,44.92242896
1484611200,46.37587587
1484697600,50.56360148
1484784000,49.50012623
1484870400,50.26373279
1485129600,51.09873875
1485216000,50.94045884
1485302400,48.95786068
1485388800,49.50567933
1485475200,50.51431374
1485734400,50.20584049
1485820800,50.5161408
1485907200,52.78950118
1485993600,53.68347457
1486080000,54.38237674
1486339200,54.36917552
1486425600,54.58072105
1486512000,55.7457842
1486598400,55.62317778
1486684800,52.66123917
1486944000,53.26777005
1487030400,53.00339226
1487116800,53.24638418
1487203200,53.36766468
1487289600,54.29636533
1487635200,56.1337321
1487721600,57.47401025
1487808000,57.43202304
1487894400,59.37696415
1488153600,58.53299931
1488240000,58.86294196
1488326400,58.81470742
1488412800,59.66843801
1488499200,60.69122474
1488758400,60.5382387
1488844800,60.58536938
1488931200,58.97208613
1489017600,56.05199658
1489104000,57.32061944
1489363200,58.68485202
1489449600,58.68213841
1489536000,58.68602303
1489622400,58.98129434
1489708800,56.06149725
1489968000,49.17796623
1490054400,50.40147864
1490140800,53.32354553
1490227200,49.86871333
1490313600,49.35380581
1490572800,46.30017835
1490659200,49.89031704
1490745600,50.00005858
1490832000,49.68163823
1490918400,49.32727582
1491177600,52.15052583
1491264000,53.69931854
1491350400,53.60392082
1491436800,53.10001201
1491523200,55.28469493
1491782400,55.56823681
1491868800,55.48478974
1491955200,55.78855236
1492041600,55.44557123
1492387200,53.64748142
1492473600,54.33590677
1492560000,54.56442189
1492646400,54.87803134
1492732800,55.60710637
1492992000,55.93420855
1493078400,56.09288329
1493164800,56.65696077
1493251200,57.0618312
1493337600,58.5303056
1493596800,59.22451795
1493683200,60.4055309
1493769600,60.85827712
1493856000,62.08655703
1493942400,62.57307788
1494201600,63.03602685
1494288000,64.59516134
1494374400,64.91223526
1494460800,65.84357941
1494547200,66.45150295
1494806400,65.09250369
1494892800,63.72021803
1494979200,64.0508259
1495065600,64.83716383
1495152000,66.19762832
1495411200,67.85364765
1495497600,67.85965871
1495584000,70.08930863
1495670400,71.47934222
1495756800,69.82292928
1496102400,68.49011238
1496188800,66.89535461
1496275200,68.13288796
1496361600,69.30067826
1496620800,69.90473746
1496707200,71.43564522
1496793600,72.9396684
1496880000,71.00467112
1496966400,71.77841572
1497225600,72.64876323
1497312000,69.34661696
1497398400,69.1642784
1497484800,65.83776788
1497571200,65.27709734
1497830400,66.00635861
1497916800,66.81632428
1498003200,68.28618535
1498089600,67.12244764
1498176000,67.37834189
1498435200,64.63696911
1498521600,63.62256527
1498608000,65.10138536
1498694400,65.07058998
1498780800,64.66451805
1499040000,64.13004435
1499212800,64.87215014
1499299200,64.83243382
1499385600,64.62050897
1499644800,62.99954212
1499731200,60.49711036
1499817600,60.09710962
1499904000,61.00340226
1499990400,60.31352529
1500249600,51.58327023
1500336000,58.21124855
1500422400,59.57744313
1500508800,58.7640825
1500595200,66.59250112
1500854400,65.13564015
1500940800,65.02539626
1501027200,62.08893953
1501113600,61.29504446
1501200000,62.94448284
1501459200,61.64961518
1501545600,62.45187039
1501632000,60.25088823
1501718400,59.45766625
1501804800,60.24093354
1502064000,63.40632567
1502150400,64.43548799
1502236800,64.16814475
1502323200,62.94646198
1502409600,63.57348529
1502668800,68.00651394
1502755200,69.40418153
1502841600,67.88834394
1502928000,69.10526519
1503014400,68.05359611
1503273600,65.52295621
1503360000,64.30581798
1503446400,64.94196482
1503532800,65.00162799
1503619200,66.26281878
1503878400,65.87390746
1503964800,65.88012265
1504051200,67.03115351
1504137600,66.76268719
1504224000,67.36829034
1504569600,63.37329583
1504656000,63.76832099
1504742400,65.08503382
1504828800,64.76476003
1505088000,61.41438494
1505174400,60.96025983
1505260800,60.54832369
1505347200,57.55897581
1505433600,49.74184136
1505692800,55.74408616
1505779200,59.50977713
1505865600,57.90926584
1505952000,57.70342133
1506038400,54.40795719
1506297600,54.90766107
1506384000,57.31095183
1506470400,56.86230574
1506556800,59.90149263
1506643200,59.62239517
1506902400,60.87955151
1506988800,60.83177662
1507075200,59.92885219
1507161600,59.01138955
1507248000,59.70220457
1507507200,61.78066444
1507593600,62.77020161
1507680000,62.30164703
1507766400,62.68806929
1507852800,66.54109556
1508112000,67.22960771
1508198400,67.26759325
1508284800,66.1275713
1508371200,65.78295845
1508457600,66.27361957
1508716800,67.2199619
1508803200,65.97051402
1508889600,63.51029432
1508976000,64.73932043
1509062400,65.49260251
1509321600,66.65364567
1509408000,66.10085478
1509494400,67.49702735
1509580800,68.54792029
1509667200,69.51482151
1509926400,69.95525452
1510012800,68.08669531
1510099200,68.40409023
1510185600,69.61159176
1510272000,67.84495647
1510531200,59.80731399
1510617600,63.35986505
1510704000,63.45965911
1510790400,66.51365374
1510876800,68.22422388
1511136000,68.06288527
1511222400,68.53401758
1511308800,67.36720048
1511481600,67.01811046
1511740800,70.23001681
1511827200,70.93262133
1511913600,70.75345399
1512000000,70.03998842
1512086400,70.11141679
1512345600,72.36859062
1512432000,72.77919238
1512518400,72.59514247
1512604800,76.12952745
1512691200,78.7971842
1512950400,74.34792587
1513036800,76.3731465
1513123200,76.18226734
1513209600,74.60736913
1513296000,74.39885093
1513555200,76.47950446
1513641600,75.76717813
1513728000,73.95628852
1513814400,71.46802144
1513900800,69.74635242
1514246400,65.84641737
1514332800,69.04118768
1514419200,68.16918943
1514505600,65.38625626
1514851200,62.81030294
1514937600,65.99801207
1515024000,66.34991986
1515110400,66.21183461
1515369600,67.03888904
1515456000,64.47357441
1515542400,62.88340937
1515628800,63.77987046
1515715200,59.63022084
1516060800,59.98707326
1516147200,52.99760403
1516233600,51.74157467
1516320000,52.41610243
1516579200,52.85843401
1516665600,49.74422507
1516752000,50.461802
1516838400,52.37033832
1516924800,51.81765651
1517184000,53.501589
1517270400,51.65974146
1517356800,46.09467918
1517443200,46.92152198
1517529600,40.9010978
1517788800,35.63816202
1517875200,24.03418897
1517961600,33.32513281
1518048000,31.60810033
1518134400,36.50949382
1518393600,35.6938593
1518480000,41.48483469
1518566400,38.9325298
1518652800,45.13618209
1518739200,48.09597219
1519084800,53.09732166
1519171200,53.77811673
1519257600,50.5823774
1519344000,46.72140295
1519603200,44.61834827
1519689600,48.31903659
1519776000,49.94814605
1519862400,48.31156626
1519948800,50.8039109
1520208000,52.97231093
1520294400,53.06280825
1520380800,49.65347482
1520467200,45.68195384
1520553600,42.53953989
1520812800,43.91908185
1520899200,41.80686881
1520985600,41.86546639
1521072000,35.42500336
1521158400,35.63089185
1521417600,35.2217439
1521504000,37.9398785
1521590400,40.23503449
1521676800,40.41102921
1521763200,38.98257641
1522022400,37.32005591
1522108800,35.39107301
1522195200,32.44514342
1522281600,33.91457515
1522627200,23.41821108
1522713600,25.8309237
1522800000,29.8073249
1522886400,23.76878251
1522972800,23.46841837
1523232000,25.94166184
1523318400,23.15180706
1523404800,24.16666163
1523491200,25.27067583
1523577600,34.64475833
1523836800,37.75836991
1523923200,35.44608131
1524009600,34.10474843
1524096000,36.41454659
1524182400,37.03839363
1524441600,40.52853835
1524528000,41.30310411
1524614400,45.6363147
1524700800,41.51492843
1524787200,42.92954125
1525046400,43.94572412
1525132800,42.76663101
1525219200,41.9617228
1525305600,42.7127342
1525392000,45.65003158
1525651200,44.94869502
1525737600,43.28948848
1525824000,42.64034302
1525910400,42.95868039
1525996800,41.44994673
1526256000,39.23063604
1526342400,38.75407287
1526428800,37.28837624
1526515200,36.00091202
1526601600,33.58312758
1526860800,37.14861766
1526947200,36.38088975
1527033600,33.5487389
1527120000,29.22756215
1527206400,29.74410399
1527552000,25.52961189
1527638400,28.75031322
1527724800,28.10542404
1527811200,29.0440758
1528070400,31.15830475
1528156800,29.17600039
1528243200,30.35861277
1528329600,30.59330945
1528416000,30.86799174
1528675200,21.83498507
1528761600,23.00982518
1528848000,19.74852767
1528934400,17.39055175
1529020800,21.02220702
1529280000,19.43356312
1529366400,22.25296218
1529452800,22.58469886
1529539200,22.83061866
1529625600,22.32730584
1529884800,15.26435759
1529971200,16.83034852
1530057600,14.66484236
1530144000,16.17596645
1530230400,12.68764696
1530489600,19.61099827
1530576000,22.39442568
1530748800,22.22652484
1530835200,22.76830234
1531094400,24.2065407
1531180800,24.02834383
1531267200,19.15618614
1531353600,20.02827799
1531440000,17.16586798
1531699200,19.92896924
1531785600,24.00449923
1531872000,30.20472198
1531958400,30.74061484
1532044800,31.53229304
1532304000,30.99122724
1532390400,33.57725388
1532476800,38.55642582
1532563200,37.37571902
1532649600,35.38391979
1532908800,37.56693319
1532995200,36.97669129
1533081600,33.83865467
1533168000,32.4523015
1533254400,32.00051312
1533513600,27.27890135
1533600000,26.21708721
1533686400,24.18673535
1533772800,18.9213042
1533859200,22.26523702
1534118400,19.42651979
1534204800,19.06340794
1534291200,18.1262822
1534377600,19.1920464
1534464000,19.58628985
1534723200,21.75955286
1534809600,19.46489034
1534896000,21.65502174
1534982400,20.25267662
1535068800,22.17058358
1535328000,24.1508711
1535414400,25.88040206
1535500800,28.13294864
1535587200,27.51159556
1535673600,26.81251488
1536019200,29.5995708
1536105600,30.42059467
1536192000,25.14873434
1536278400,21.94015244
1536537600,19.22302144
1536624000,19.51137838
1536710400,19.56498392
1536796800,20.00241725
1536883200,22.14094474
1537142400,21.92939248
1537228800,19.26426343
1537315200,20.36536427
1537401600,20.73242635
1537488000,22.34439328
1537747200,24.5251628
1537833600,23.18743699
1537920000,21.58569726
1538006400,22.16672456
1538092800,24.39696174
1538352000,23.70854768
1538438400,23.32014862
1538524800,22.96848502
1538611200,22.43418484
1538697600,23.31241067
1538956800,23.89920272
1539043200,24.2135035
1539129600,24.06602452
1539216000,23.48270375
1539302400,19.74170233
1539561600,20.30280988
1539648000,24.06161283
1539734400,24.07231006
1539820800,23.502448
1539907200,22.73352445
1540166400,23.17544467
1540252800,23.19324091
1540339200,23.04591217
1540425600,23.3519794
1540512000,23.17198572
1540771200,23.42076902
1540857600,21.59042901
1540944000,21.70032034
1541030400,21.45962235
1541116800,22.29365544
1541376000,21.45899909
1541462400,22.76509434
1541548800,23.18577376
1541635200,23.99916356
1541721600,23.16105205
1541980800,22.40672455
1542067200,22.26950734
1542153600,22.03812543
1542240000,13.58309597
1542326400,13.00688263
1542585600,12.85112288
1542672000,0.332782368
1542758400,-9.93976225
1542931200,-10.33848773
1543190400,-19.17588809
1543276800,-26.47280908
1543363200,-24.71293454
1543449600,-11.54243735
1543536000,-10.88997156
1543795200,-14.67338478
1543881600,-21.95222755
1544054400,-25.76880252
1544140800,-33.26787693
1544400000,-29.20662651
1544486400,-33.02928869
1544572800,-35.66638752
1544659200,-33.15244888
1544745600,-39.73690293
1545004800,-41.56934752
1545091200,-29.91064645
1545177600,-24.19398771
1545264000,-22.46289091
1545350400,-11.28681424
1545609600,-14.533209
1545782400,-19.9051837
1545868800,-18.53228725
1545955200,-25.20776307
1546214400,-17.54787894
1546387200,-18.05549039
1546473600,-15.08775818
1546560000,-18.14955757
1546819200,-10.93596418
1546905600,-12.44254039
1546992000,-12.12316788
1547078400,-12.09249226
1547164800,-21.75020012
1547424000,-25.86018953
1547510400,-20.5048283
1547596800,-23.0302284
1547683200,-22.30561469
1547769600,-21.42446495
1548115200,-24.64767173
1548201600,-23.35421388
1548288000,-24.0130568
1548374400,-23.40608206
1548633600,-23.72476931
1548720000,-27.42848177
1548806400,-28.42701116
1548892800,-26.87042407
1548979200,-27.49577474
1549238400,-27.35573277
1549324800,-27.33393278
1549411200,-27.31767119
1549497600,-28.95916284
1549584000,-29.31904647
1549843200,-19.07397537
1549929600,-20.44472891
1550016000,-20.27346331
1550102400,-20.65051436
1550188800,-21.03469147
1550534400,-11.6788627
1550620800,-10.74932855
1550707200,-9.434901241
1550793600,-10.65120571
1551052800,-13.90678484
1551139200,-12.21693435
1551225600,-13.13490607
1551312000,-13.21989716
1551398400,-13.0303317
1551657600,-13.35946492
1551744000,-15.67033579
1551830400,-11.69303619
1551916800,-11.37746172
1552003200,-11.200944
1552262400,-10.00617447
1552348800,-11.0814551
1552435200,-11.05311325
1552521600,-10.9438935
1552608000,-10.88269001
1552867200,-7.59683817
1552953600,-7.582275998
1553040000,-6.464770545
1553126400,-6.097387276
1553212800,-7.500829643
1553472000,-7.777439276
1553558400,-9.269052677
1553644800,-8.74286163
1553731200,-5.994580112
1553817600,-6.378859754
1554076800,-5.345927883
1554163200,-4.116907191
1554249600,10.70446301
1554336000,12.99965548
1554422400,11.54773332
1554681600,16.32236389
1554768000,17.52552701
1554854400,16.102285
1554940800,17.95557448
1555027200,13.87574743
1555286400,15.5528938
1555372800,13.85962983
1555459200,16.52200804
1555545600,16.81938889
1555891200,17.50073106
1555977600,18.74672358
1556064000,21.20516142
1556150400,19.6292429
1556236800,15.82425688
1556496000,17.19778148
1556582400,16.65378794
1556668800,18.1938847
1556755200,19.10594327
1556841600,20.71249831
1557100800,24.653583
1557187200,23.8847892
1557273600,25.7576453
1557360000,26.6126295
1557446400,28.8888982
1557705600,36.40343146
1557792000,42.6561108
1557878400,43.61563769
1557964800,44.88730497
1558051200,42.12761296
1558310400,44.67864341
1558396800,42.64274461
1558483200,42.60133349
1558569600,40.8198368
1558656000,41.83626589
1559001600,47.53062548
1559088000,46.84384322
1559174400,45.65524945
1559260800,43.40192456
1559520000,45.9605626
1559606400,42.4010652
1559692800,38.87204714
1559779200,39.87132536
1559865600,39.80925048
1560124800,38.60315107
1560211200,40.86719375
1560297600,40.37947581
1560384000,41.76675811
1560470400,42.36826387
1560729600,46.90806539
1560816000,48.65308222
1560902400,47.07972824
1560988800,48.18235079
1561075200,49.41732521
1561334400,54.97911309
1561420800,55.50499055
1561507200,58.18837259
1561593600,61.52791456
1561680000,54.76214695
1561939200,53.39387558
1562025600,51.9174731
1562112000,52.80167802
1562284800,54.20075105
1562544000,54.91454772
1562630400,57.924917
1562716800,58.60304055
1562803200,56.84428471
1562889600,53.70241516
1563148800,48.71994872
1563235200,51.78027042
1563321600,44.97266378
1563408000,45.73082652
1563494400,50.75815251
1563753600,49.9956968
1563840000,48.74282823
1563926400,46.50567001
1564012800,45.89485279
1564099200,46.37266707
1564358400,44.35078357
1564444800,43.22259167
1564531200,43.58726939
1564617600,46.22903151
1564704000,47.78235201
1564963200,50.33910637
1565049600,53.59536272
1565136000,51.95899071
1565222400,53.75313543
1565308800,53.66435225
1565568000,51.84203483
1565654400,51.19757259
1565740800,49.03174693
1565827200,44.58240241
1565913600,46.03579717
1566172800,46.20021009
1566259200,48.7331878
1566345600,48.17477477
1566432000,44.6747705
1566518400,44.93576586
1566777600,44.56171363
1566864000,45.93027795
1566950400,44.89295519
1567036800,42.4554687
1567123200,41.03968456
1567468800,45.65378364
1567555200,47.14836482
1567641600,46.83030895
1567728000,46.73024877
1567987200,45.57647858
1568073600,45.0192782
1568160000,43.80557635
1568246400,43.9806811
1568332800,45.12281765
1568592000,44.74099478
1568678400,44.36051332
1568764800,44.14944321
1568851200,43.91852985
1568937600,44.21151614
1569196800,43.07914074
1569283200,41.13537579
1569369600,33.72712982
1569456000,32.83270426
1569542400,30.03805814
1569801600,30.00109756
1569888000,31.55435775
1569974400,32.06306903
1570060800,32.4778145
1570147200,31.495399
1570406400,29.15335283
1570492800,31.36261976
1570579200,31.22199303
1570665600,34.13792408
1570752000,34.04328538
1571011200,32.01712044
1571097600,32.10630411
1571184000,30.79833803
1571270400,29.55996989
1571356800,29.97860226
1571616000,30.94851201
1571702400,31.13916106
1571788800,29.85173115
1571875200,24.64251814
1571961600,24.70177269
1572220800,40.59581322
1572307200,38.62016944
1572393600,39.59303343
1572480000,38.13562874
1572566400,37.98806521
1572825600,38.21823375
1572912000,39.31235093
1572998400,39.10904022
1573084800,39.11875442
1573171200,38.48698035
1573430400,37.11167969
1573516800,34.87163181
1573603200,35.30873997
1573689600,35.30355855
1573776000,34.57991324
1574035200,33.46473738
1574121600,31.45787241
1574208000,30.55186461
1574294400,28.99241288
1574380800,25.54482005
1574640000,19.79578428
1574726400,20.85259762
1574812800,21.7906414
1574985600,24.42068805
1575244800,24.12506345
1575331200,23.08081398
1575417600,23.1402969
1575504000,22.50978095
1575590400,24.54702398
1575849600,25.70604608
1575936000,24.08214207
1576022400,22.74324866
1576108800,22.24581539
1576195200,22.55191191
1576454400,21.66533225
1576540800,19.18955651
1576627200,15.37370994
1576713600,23.10512913
1576800000,22.39101507
1577059200,25.57875028
1577145600,23.99633058
1577318400,23.34386891
1577404800,22.9814426
1577664000,24.95031234
1577750400,23.68249499
1577923200,22.6397637
1578009600,20.30707738
1578268800,24.84499729
1578355200,28.28711612
1578441600,31.70604305
1578528000,30.96417927
1578614400,29.10502115
1578873600,31.72305733
1578960000,31.37564583
1579046400,36.40323233
1579132800,36.22048427
1579219200,35.50635014
1579564800,34.99342714
1579651200,35.61151698
1579737600,35.11994879
1579824000,32.8619288
1580083200,34.42782379
1580169600,36.7721346
1580256000,39.28539807
1580342400,39.36597165
1580428800,40.2548882
1580688000,39.24255348
1580774400,38.81464761
1580860800,38.04895131
1580947200,40.76810066
1581033600,41.27671454
1581292800,43.20941502
1581379200,41.59913957
1581465600,43.44617021
1581552000,44.05283408
1581638400,43.27589853
1581984000,40.1605551
1582070400,42.76719087
1582156800,39.78310126
1582243200,39.5499097
1582502400,41.34498391
1582588800,39.65776534
1582675200,37.67848242
1582761600,33.97907335
1582848000,33.81053315
1583107200,32.14855664
1583193600,34.31842234
1583280000,33.83524158
1583366400,33.60926341
1583452800,36.06085481
1583712000,28.73228593
1583798400,26.81855983
1583884800,27.04617241
1583971200,27.14691968
1584057600,-16.2839231
1584316800,-3.304840863
1584403200,-10.99853643
1584489600,-6.105955829
1584576000,-5.809144336
1584662400,10.34559054
1584921600,5.132586053
1585008000,13.58243224
1585094400,17.36271236
1585180800,16.7115976
1585267200,17.28772441
1585526400,6.486554947
1585612800,14.06923776
1585699200,13.96185521
1585785600,16.14854959
1585872000,18.68213727
1586131200,18.67496618
1586217600,23.46599283
1586304000,22.87190741
1586390400,24.542026
1586736000,21.24357352
1586822400,19.41280986
1586908800,19.42395389
1586995200,17.06298059
1587081600,22.44217033
1587340800,23.74946855
1587427200,19.95225214
1587513600,20.0526189
1587600000,22.60774163
1587686400,25.78251798
1587945600,28.11865217
1588032000,29.03001909
1588118400,29.12483672
1588204800,36.6401552
1588291200,35.63903753
1588550400,36.97382492
1588636800,37.04240067
1588723200,37.49646612
1588809600,39.49179874
1588896000,43.19472783
1589155200,35.17428222
1589241600,34.02475076
1589328000,35.52896674
1589414400,38.71830854
1589500800,41.73897205
1589760000,41.05052756
1589846400,41.29938489
1589932800,41.11125457
1590019200,39.92444731
1590105600,37.05259697
1590451200,35.94059271
1590537600,35.29022876
1590624000,37.28311941
1590710400,40.01205549
1590969600,39.29701682
1591056000,43.48931456
1591142400,39.68061727
1591228800,40.39459852
1591315200,41.29123451
1591574400,40.97085885
1591660800,40.93939244
1591747200,41.03831618
1591833600,41.46028656
1591920000,38.06797039
1592179200,38.44145808
1592265600,38.8561861
1592352000,39.27204896
1592438400,38.89651409
1592524800,38.2432997
1592784000,37.65207884
1592870400,39.82684771
1592956800,39.66710033
1593043200,37.6725419
1593129600,37.34128481
1593388800,36.29971881
1593475200,36.57939418
1593561600,36.54625292
1593648000,36.89390006
1593993600,35.82333752
1594080000,37.56566837
1594166400,36.99363484
1594252800,38.00900956
1594339200,37.09935599
1594598400,37.00630874
1594684800,36.78031198
1594771200,36.77244661
1594857600,36.38916709
1594944000,35.98398446
1595203200,36.36286744
1595289600,36.07548399
1595376000,37.55667018
1595462400,38.48844029
1595548800,38.7936311
1595808000,40.6900918
1595894400,46.47629774
1595980800,45.84549644
1596067200,46.62272382
1596153600,46.69214498
1596412800,46.0678474
1596499200,46.78719572
1596585600,46.5661021
1596672000,48.66944525
1596758400,48.82794761
1597017600,48.06055767
1597104000,48.79657751
1597190400,46.69404558
1597276800,47.37024138
1597363200,48.26737282
1597622400,48.49563345
1597708800,49.83961947
1597795200,48.70496978
1597881600,47.63464497
1597968000,48.15921582
1598227200,47.12729723
1598313600,47.60366444
1598400000,45.71322244
1598486400,46.18440763
1598572800,45.38323027
1598832000,47.08054477
1598918400,46.8937408
1599004800,48.20158783
1599091200,45.55941944
1599177600,40.35282447
1599523200,40.13187149
1599609600,38.74952203
1599696000,39.45200062
1599782400,40.11672893
1600041600,39.89536187
1600128000,41.87013875
1600214400,42.39161653
1600300800,43.31042065
1600387200,43.14073303
1600646400,42.89766043
1600732800,40.53486104
1600819200,40.78221097
1600905600,39.02832398
1600992000,41.98617374
1601251200,41.8992012
1601337600,42.06901345
1601424000,42.29888233
1601510400,41.95795802
1601596800,40.99944406
1601856000,41.24828682
1601942400,41.85909115
1602028800,40.87773707
1602115200,41.17531327
1602201600,42.36231363
1602460800,44.7104689
1602547200,45.51798284
1602633600,44.82113347
1602720000,44.6424562
1602806400,45.04015721
1603065600,44.86668013
1603152000,45.92887531
1603238400,46.6651581
1603324800,50.14508453
1603411200,50.37948286
1603670400,50.32670306
1603756800,50.48945587
1603843200,52.33640417
1603929600,50.93267669
1604016000,51.44730525
1604275200,52.13972994
1604361600,51.46297123
1604448000,51.98541418
1604534400,52.39956508
1604620800,56.46320419
1604880000,55.91163507
1604966400,55.35721481
1605052800,55.11683193
1605139200,56.16873693
1605225600,57.54775272
1605484800,56.51414532
1605571200,58.30648458
1605657600,60.223429
1605744000,60.18020559
1605830400,60.02366861
1606089600,60.81465496
1606176000,60.3144196
1606262400,61.66104743
1606435200,57.11319796
1606694400,59.22870324
1606780800,62.13045149
1606867200,60.2545392
1606953600,60.71225937
1607040000,61.09831646
1607299200,60.66537454
1607385600,60.31153233
1607472000,58.36263931
1607558400,58.69647282
1607644800,57.97417427
1607904000,59.40014602
1607990400,59.49920812
1608076800,59.71720128
1608163200,62.97271336
1608249600,64.75142446
1608508800,64.88168956
1608595200,63.79335499
1608681600,64.68649021
1608768000,63.76982055
1609113600,66.98568294
1609200000,67.08666659
1609286400,66.85763328
1609372800,68.26999357
1609718400,70.92548226
1609804800,69.25342532
1609891200,70.57835395
1609977600,71.98013843
1610064000,73.29474689
1610323200,71.32146384
1610409600,68.45777525
1610496000,67.00711314
1610582400,69.83726887
1610668800,71.03685577
1611014400,68.56536389
1611100800,68.09486179
1611187200,67.40343561
1611273600,62.81009295
1611532800,63.90425626
1611619200,64.05202874
1611705600,64.1504863
1611792000,61.4040657
1611878400,64.75189412
1612137600,63.84199285
1612224000,64.25190071
1612310400,66.06170263
1612396800,67.64961461
1612483200,67.0271328
1612742400,68.084414
1612828800,72.47028953
1612915200,72.33984362
1613001600,71.18796774
1613088000,72.49370333
1613433600,71.84940509
1613520000,72.33867271
1613606400,73.63869503
1613692800,73.03526999
1613952000,74.72257129
1614038400,72.81397196
1614124800,69.59170428
1614211200,70.02090453
1614297600,68.28319617
1614556800,66.58809483
1614643200,69.50379805
1614729600,68.52384693
1614816000,69.82564149
1614902400,68.4017613
1615161600,69.86303757
1615248000,70.2748857
1615334400,71.37606663
1615420800,71.93165023
1615507200,72.54740653
1615766400,72.93940939
1615852800,70.74797444
1615939200,70.82234505
1616025600,71.87595835
1616112000,71.44248107
1616371200,71.01109304
1616457600,69.43885843
1616544000,69.22272772
1616630400,67.95919464
1616716800,67.09961269
1616976000,69.33414078
1617062400,70.09179545
1617148800,70.5702161
1617235200,70.45685362
1617580800,69.97284164
1617667200,69.9549541
1617753600,69.11701855
1617840000,67.94391857
1617926400,68.9130683
1618185600,69.6936835
1618272000,69.4211002
1618358400,70.88077921
1618444800,70.37185348
1618531200,70.38904296
1618790400,66.21625682
1618876800,65.82895031
1618963200,66.10597529
1619049600,64.70390966
1619136000,63.10479248
1619395200,60.75760821
1619481600,64.26625655
1619568000,64.8173779
1619654400,64.55502233
1619740800,63.66922328
1620000000,65.33277908
1620086400,65.61654595
1620172800,63.05820106
1620259200,65.57481157
1620345600,64.83293604
1620604800,65.5182169
1620691200,64.03752409
1620777600,64.42804156
1620864000,59.61796656
1620950400,59.26594057
1621209600,56.57692643
1621296000,54.08991756
1621382400,52.88497319
1621468800,47.76541835
1621555200,51.16494683
1621814400,42.88905963
1621900800,48.82626481
1621987200,48.2476373
1622073600,49.37320536
1622160000,48.92007803
1622505600,47.01732844
1622592000,46.06135402
1622678400,47.5848833
1622764800,49.58408811
1623024000,44.88222543
1623110400,41.35219146
1623196800,41.28186183
1623283200,47.30385852
1623369600,46.44079538
1623628800,49.52137522
1623715200,51.27950582
1623801600,50.91349694
1623888000,48.42751542
1623974400,48.24265198
1624233600,44.83636886
1624320000,38.27190874
1624406400,39.19847259
1624492800,41.84025963
1624579200,43.30460982
1624838400,43.27735288
1624924800,43.54941526
1625011200,45.8644878
1625097600,44.3268145
1625184000,42.12272416
1625529600,42.78710307
1625616000,43.3622039
1625702400,42.84534944
1625788800,41.05178623
1626048000,43.57310863
1626134400,41.71726198
1626220800,40.74010016
1626307200,41.12339389
1626393600,39.09061021
1626652800,39.20175934
1626739200,37.3118554
1626825600,35.3406866
1626912000,39.82755882
1626998400,40.20675976
1627257600,45.1740924
1627344000,48.12948142
1627430400,49.95525054
1627516800,50.93771254
1627603200,50.3469137
1627862400,50.03469302
1627948800,49.15856126
1628035200,48.12082152
1628121600,49.92457519
1628208000,51.20912155
1628467200,54.26500067
1628553600,56.46919173
1628640000,55.74903511
1628726400,55.83203476
1628812800,54.65543097
1629072000,56.9619056
1629158400,55.93132546
1629244800,54.66390223
1629331200,54.84190767
1629417600,56.35821379
1629676800,58.55741842
1629763200,58.70881463
1629849600,57.07561716
1629936000,57.93139231
1630022400,56.40433374
1630281600,57.75152678
1630368000,55.97624308
1630454400,56.08112376
1630540800,57.44739873
1630627200,57.86998509
1630972800,60.28428983
1631059200,55.47031145
1631145600,54.97142869
1631232000,54.91862136
1631491200,54.69889832
1631577600,53.54262032
1631664000,55.46848983
1631750400,56.38195025
1631836800,56.02632493
1632096000,55.43068064
1632182400,51.05373891
1632268800,48.41035968
1632355200,51.77754527
1632441600,52.96693354
1632700800,51.12512441
1632787200,49.97279143
1632873600,48.52356902
1632960000,49.1446544
1633046400,51.65415714
1633305600,55.81656597
1633392000,56.77405939
1633478400,58.58216555
1633564800,61.23830022
1633651200,59.7779584
1633910400,60.29780393
1633996800,62.0959732
1634083200,61.19842458
1634169600,61.85301621
1634256000,61.72379203
1634515200,64.00533832
1634601600,64.00389187
1634688000,65.1095366
1634774400,65.81720744
1634860800,63.73016659
1635120000,62.69971752
1635206400,63.84857135
1635292800,62.20489359
1635379200,61.04543401
1635465600,62.19041823
1635724800,62.42309006
1635811200,62.090636
1635897600,63.15898089
1635984000,62.84239968
1636070400,61.92213875
1636329600,62.84186206
1636416000,64.99419104
1636502400,64.65858745
1636588800,63.21954427
1636675200,63.24688123
1636934400,62.93148857
1637020800,61.94344607
1637107200,59.84763844
1637193600,59.44914097
1637280000,57.25467474
1637539200,58.49491273
1637625600,56.94005691
1637712000,57.81300331
1637884800,58.36196253
1638144000,57.1349958
1638230400,57.66002749
1638316800,57.06969647
1638403200,56.97792573
1638489600,56.42224783
1638748800,50.2847482
1638835200,51.59247874
1638921600,51.68703311
1639008000,51.45004664
1639094400,48.99498446
1639353600,51.12756716
1639440000,47.76375169
1639526400,49.38730579
1639612800,49.81573158
1639699200,48.66374735
1639958400,47.775357
1640044800,47.86413313
1640131200,50.052803
1640217600,49.72394828
1640563200,51.73489127
1640649600,51.53102797
1640736000,48.60474113
1640822400,47.25493786
1640908800,48.10272287
1641168000,48.2907756
1641254400,47.3535225
1641340800,46.68123348
1641427200,43.94648427
1641513600,43.49457834
1641772800,41.92193665
1641859200,41.83409401
1641945600,43.1981427
1642032000,44.67051197
1642118400,42.88297738
1642464000,42.44234233
1642550400,42.64445283
1642636800,41.85020099
1642723200,40.46052054
1642982400,33.92000444
1643068800,34.47812397
1643155200,34.9633566
1643241600,34.86255899
1643328000,35.44413278
1643587200,37.03278041
1643673600,37.86543759
1643760000,38.05733266
1643846400,34.99872892
1643932800,35.22965401
1644192000,43.28126826
1644278400,45.14515058
1644364800,45.33054063
1644451200,45.58438167
1644537600,44.56567757
1644796800,42.83669434
1644883200,43.35212175
1644969600,45.34393551
1645056000,45.17839987
1645142400,40.52026552
1645488000,35.50246497
1645574400,37.15814742
1645660800,35.54051278
1645747200,37.11426738
1646006400,36.18786509
1646092800,44.03871019
1646179200,45.39553056
1646265600,44.82891393
1646352000,42.94037252
1646611200,37.08015401
1646697600,36.87638279
1646784000,37.62531065
1646870400,42.39047019
1646956800,38.62422821
1647216000,36.09052712
1647302400,38.93716822
1647388800,38.54129621
1647475200,41.05530724
1647561600,40.91093434
1647820800,41.3010198
1647907200,41.03903155
1647993600,42.7514954
1648080000,43.36870231
1648166400,44.72801714
1648425600,47.74064305
1648512000,48.06439954
1648598400,48.25495073
1648684800,47.8107766
1648771200,45.8839375
1649030400,46.93376032
1649116800,47.27170562
1649203200,46.09594538
1649289600,43.36153451
1649376000,43.5063479
1649635200,41.90088367
1649721600,38.1091493
1649808000,38.87468183
1649894400,40.28330508
1650240000,38.13067886
1650326400,39.82258007
1650412800,40.74726435
1650499200,40.59590137
1650585600,39.14829058
1650844800,37.67433621
1650931200,39.20604501
1651017600,35.46287356
1651104000,37.35017945
1651190400,38.14222684
1651449600,36.22417071
1651536000,36.41039071
1651622400,35.20508636
1651708800,38.31601041
1651795200,33.15494475
1652054400,28.27126243
1652140800,20.28352888
1652227200,22.05247784
1652313600,16.88988258
1652400000,17.6612007
1652659200,23.44812132
1652745600,20.09118015
1652832000,21.43068197
1652918400,17.05910644
1653004800,21.25660429
1653264000,21.48904348
1653350400,18.3012622
1653436800,19.78103079
1653523200,19.61466944
1653609600,19.0493886
1653955200,25.15982439
1654041600,25.40062209
1654128000,20.56040826
1654214400,22.35901684
1654473600,21.10684405
1654560000,24.72494569
1654646400,24.37543566
1654732800,22.12272221
1654819200,21.86426657
1655078400,13.15070265
1655164800,-3.061764368
1655251200,-3.675813626
1655337600,-1.765312664
1655424000,-11.83375343
1655769600,-9.839476565
1655856000,-9.376640253
1655942400,-12.76292285
1656028800,-6.89603501
1656288000,-6.992245861
1656374400,-8.382834456
1656460800,-10.43425502
1656547200,-11.59609559
1656633600,-17.12820739
1656979200,-10.2769303
1657065600,-10.41103147
1657152000,-8.188579235
1657238400,-2.639602758
1657497600,-6.408687343
1657584000,-10.44499603
1657670400,-13.89224339
1657756800,-9.62122854
1657843200,-7.27045259
1658102400,-5.516656971
1658188800,0.540682432
1658275200,6.032953493
1658361600,5.771361892
1658448000,5.11463534
1658707200,3.407439716
1658793600,-0.783324573
1658880000,-2.880400545
1658966400,4.657983861
1659052800,8.250740465
1659312000,6.552139174
1659398400,6.56157164
1659484800,5.386758259
1659571200,4.484686076
1659657600,3.727587755
1659916800,5.679950162
1660003200,8.350398164
1660089600,5.982484881
1660176000,8.84505539
1660262400,8.924607512
1660521600,10.40405924
1660608000,9.782888316
1660694400,8.712996058
1660780800,6.790021861
1660867200,6.255246477
1661126400,-0.588703434
1661212800,-1.5772757
1661299200,-0.835971432
1661385600,-1.370859301
1661472000,-0.317577506
1661731200,-10.1735463
1661817600,-6.569799709
1661904000,-9.254061824
1661990400,-8.036439041
1662076800,-7.42137613
1662422400,-8.732572471
1662508800,-14.11364831
1662595200,-11.5304627
1662681600,-11.40022571
1662940800,1.004608234
1663027200,3.678631797
1663113600,-6.469503084
1663200000,-5.83576932
1663286400,-8.662837639
1663545600,-10.15413937
1663632000,-9.300911251
1663718400,-13.09880332
1663804800,-15.1583431
1663891200,-9.922878266
1664150400,-13.48882571
1664236800,-10.99808639
1664323200,-11.50157328
1664409600,-9.388482289
1664496000,-8.911655588
1664755200,-11.70214856
1664841600,-8.35642311
1664928000,-4.498459608
1665014400,-5.504621958
1665100800,-6.50237475
1665360000,-9.36176224
1665446400,-10.84607289
1665532800,-11.37242598
1665619200,-10.59083782
1665705600,-9.266621134
1665964800,-9.981159893
1666051200,-8.168633763
1666137600,-9.345073814
1666224000,-10.56971324
1666310400,-11.18287915
1666569600,-7.929378707
1666656000,-9.186671135
1666742400,-5.1604476
1666828800,-1.622005053
1666915200,-4.140406829
1667174400,-2.396710327
1667260800,-3.039628924
1667347200,-3.097176108
1667433600,-4.69955144
1667520000,-4.474382871
1667779200,-0.879398106
1667865600,-2.323708569
1667952000,-12.9466748
1668038400,-31.75385612
1668124800,-18.90234333
1668384000,-27.14009946
1668470400,-24.30610258
1668556800,-22.94438369
1668643200,-24.02881044
1668729600,-23.46553904
1668988800,-25.0611408
1669075200,-28.44215218
1669161600,-25.21808973
1669334400,-22.15014885
1669593600,-23.00731046
1669680000,-24.43569518
1669766400,-22.71977471
1669852800,-17.69972047
1669939200,-18.95651231
1670198400,-17.65972765
1670284800,-18.29307852
1670371200,-17.49137575
1670457600,-19.09919289
1670544000,-16.33940647
1670803200,-17.14519098
1670889600,-16.59628799
1670976000,-12.56529078
1671062400,-12.25969025
1671148800,-15.12245597
1671408000,-19.05178303
1671494400,-21.20410794
1671580800,-17.98859329
1671667200,-18.57482903
1671753600,-18.45502131
1672099200,-17.75324259
1672185600,-18.96472376
1672272000,-19.94425529
1672358400,-19.20008403
1672704000,-18.47634806
1672790400,-18.50344627
1672876800,-17.14395255
1672963200,-17.27636131
1673222400,-15.73396846
1673308800,-14.73295579
1673395200,-13.14722306
1673481600,-10.1163487
1673568000,-4.500759346
1673913600,6.667602464
1674000000,6.931079692
1674086400,4.617241765
1674172800,6.200239978
1674432000,12.76127728
1674518400,13.73528847
1674604800,12.35887755
1674691200,14.40482581
1674777600,13.99215705
1675036800,16.68877224
1675123200,13.14183175
1675209600,14.36018405
1675296000,16.45335392
1675382400,15.55783645
1675641600,13.55560658
1675728000,12.7019445
1675814400,14.65788618
1675900800,13.32030186
1675987200,9.076100229
1676246400,8.833146691
1676332800,9.055509904
1676419200,10.77270332
1676505600,18.2477877
1676592000,16.01815009
1676937600,19.74643886
1677024000,18.46574869
1677110400,17.59186351
1677196800,16.78433805
1677456000,15.5147383
1677542400,15.43689913
1677628800,14.21065432
1677715200,16.01407519
1677801600,15.40358598
1678060800,11.42182433
1678147200,11.58799835
1678233600,11.06415009
1678320000,9.011674606
1678406400,3.026597893
1678665600,9.910939706
1678752000,18.21529599
1678838400,20.21842048
1678924800,18.85794142
1679011200,20.92845837
1679270400,29.52035232
1679356800,28.18412292
1679443200,29.21974276
1679529600,27.06328155
1679616000,29.5406266
1679875200,28.77437964
1679961600,26.32605364
1680048000,26.65817937
1680134400,29.33379069
1680220800,29.63316441
1680480000,29.9151924
1680566400,28.82029932
1680652800,29.71335625
1680739200,29.78190216
1681084800,30.16337662
1681171200,33.25640621
1681257600,34.39909028
1681344000,33.59044055
1681430400,34.61068989
1681689600,34.35361805
1681776000,32.56365901
1681862400,34.3486209
1681948800,30.80105321
1682035200,29.5214428
1682294400,27.80249777
1682380800,27.59817095
1682467200,29.66228148
1682553600,29.73809426
1682640000,32.32048968
1682899200,31.90789994
1682985600,28.94126314
1683072000,30.32996093
1683158400,31.00096418
1683244800,30.63587832
1683504000,29.2767219
1683590400,27.31305055
1683676800,27.11131686
1683763200,27.15355429
1683849600,25.52489632
1684108800,25.27607575
1684195200,26.22413622
1684281600,25.48205654
1684368000,26.4836979
1684454400,24.92739053
1684713600,24.81616194
1684800000,24.90345114
1684886400,25.9498341
1684972800,23.4755547
1685059200,23.76980322
1685404800,27.23163643
1685491200,27.10381414
1685577600,25.89059563
1685664000,24.62295841
1685923200,25.42202865
1686009600,21.60472631
1686096000,25.64780154
1686182400,23.30113804
1686268800,23.81246718
1686528000,22.04113581
1686614400,21.98518517
1686700800,21.91870027
1686787200,19.61860368
1686873600,20.93174429
1687219200,24.60056203
1687305600,28.69646388
1687392000,32.64567193
1687478400,32.49221031
1687737600,33.36555823
1687824000,32.97469944
1687910400,33.85709965
1687996800,32.44703981
1688083200,33.21412149
1688342400,33.40798367
1688515200,33.69319373
1688601600,33.07291223
1688688000,31.92172939
1688947200,32.34212041
1689033600,32.86789299
1689120000,33.30457227
1689206400,32.78646899
1689292800,35.04276736
1689552000,32.46295093
1689638400,32.24247928
1689724800,31.542896
1689811200,31.68087849
1689897600,31.38664338
1690156800,31.97005208
1690243200,29.9246462
1690329600,30.08352905
1690416000,30.34442151
1690502400,30.0588853
1690761600,30.45892279
1690848000,30.29331303
1690934400,31.38168223
1691020800,30.12879358
1691107200,30.34002716
1691366400,29.93939316
1691452800,30.23890714
1691539200,31.65375598
1691625600,31.18397429
1691712000,30.8251028
1691971200,30.43023758
1692057600,30.72417031
1692144000,30.14226511
1692230400,29.0493463
1692316800,23.58565881
1692576000,22.28650881
1692662400,22.16484505
1692748800,21.90375538
1692835200,23.09376988
1692921600,22.20388086
1693180800,22.12897112
1693267200,22.21056982
1693353600,26.48982647
1693440000,25.65141406
1693526400,21.75706227
1693872000,21.43024828
1693958400,21.37825663
1694044800,21.32290659
1694131200,22.68531032
1694390400,21.58651904
1694476800,19.45778136
1694563200,21.67385957
1694649600,22.78680791
1694736000,23.68279094
1694995200,23.55173684
1695081600,24.22412399
1695168000,25.45145117
1695254400,25.28749507
1695340800,23.64518157
1695600000,22.78137908
1695686400,22.88956037
1695772800,22.50383716
1695859200,22.87011181
1695945600,25.04450429
1696204800,27.43164066
1696291200,26.51956486
1696377600,26.10420717
1696464000,26.94749901
1696550400,25.95297669
1696809600,27.30279684
1696896000,26.34787179
1696982400,25.80697873
1697068800,24.2902512
1697155200,24.02592037
1697414400,25.11461308
1697500800,28.6460805
1697587200,28.4119139
1697673600,28.17220854
1697760000,29.0486529
1698019200,32.04192802
1698105600,37.82290395
1698192000,39.43037337
1698278400,40.5019804
1698364800,39.83551119
1698624000,40.43667094
1698710400,40.29212244
1698796800,40.50583055
1698883200,41.68372219
1698969600,40.82677517
1699228800,41.06334052
1699315200,40.83460564
1699401600,41.41231301
1699488000,42.08655084
1699574400,43.31965985
1699833600,43.71672142
1699920000,42.95437462
1700006400,41.28074976
1700092800,44.72301649
1700179200,42.24879358
1700438400,44.14138608
1700524800,44.08224123
1700611200,41.67732671
1700784000,43.68414712
1701043200,43.89395615
1701129600,43.23282065
1701216000,44.37347288
1701302400,44.24388415
1701388800,44.06831317
1701648000,47.03424335
1701734400,49.302442
1701820800,51.560324
1701907200,51.25705335
1701993600,50.61877416
1702252800,50.99550442
1702339200,47.93160234
1702425600,48.19586931
1702512000,49.81320225
1702598400,50.05086856
1702857600,47.85495238
1702944000,49.31661752
1703030400,48.72499048
1703116800,50.28782949
1703203200,50.47315331
1703548800,50.06868682
1703635200,48.69004733
1703721600,49.62127865
1703808000,48.61523167
1704153600,50.1865096
1704240000,50.93558646
1704326400,48.56555701
1704412800,49.74881474
1704672000,49.27140704
1704758400,52.49789967
1704844800,51.43418081
1704931200,51.89168789
1705017600,51.62548032
1705363200,47.33153801
1705449600,47.83460066
1705536000,47.16601064
1705622400,45.27478085
1705881600,45.58024452
1705968000,42.69711323
1706054400,43.209158
1706140800,43.49608924
1706227200,43.19491018
1706486400,45.93477802
1706572800,47.25400577
1706659200,46.88756448
1706745600,46.39054687
1706832000,46.93530194
1707091200,46.29991886
1707177600,46.38484098
1707264000,46.85683271
1707350400,48.15426766
1707436800,49.33449777
1707696000,52.16318805
1707782400,53.76100886
1707868800,53.46206299
1707955200,55.0851481
1708041600,55.12157961
1708387200,54.67487283
1708473600,55.07891716
1708560000,54.43354676
1708646400,54.04755616
1708905600,54.30653701
1708992000,56.49508747
1709078400,58.21459882
1709164800,61.27655644
1709251200,60.38932868
1709510400,60.99271489
1709596800,63.79796163
1709683200,61.26768894
1709769600,61.73167298
1709856000,61.9455755
1710115200,62.65159993
1710201600,63.95326896
1710288000,63.42361175
1710374400,63.59244939
1710460800,62.58557753
1710720000,60.81307836
1710806400,60.35050921
1710892800,56.81500988
1710979200,60.29653617
1711065600,58.7747855
1711324800,59.32901035
1711411200,60.46033976
1711497600,60.44835409
1711584000,60.0786596
1711929600,60.78054108
1712016000,59.74723321
1712102400,56.97682581
1712188800,57.3287593
1712275200,58.77896899
1712534400,59.21045622
1712620800,60.36767788
1712707200,58.91169179
1712793600,59.65492842
1712880000,59.33713267
1713139200,56.64838475
1713225600,55.08940492
1713312000,55.24420134
1713398400,53.47766509
1713484800,55.01152475
1713744000,55.97174198
1713830400,57.14323181
1713916800,56.82348109
1714003200,55.17020844
1714089600,55.39550412
1714348800,54.06482788
1714435200,54.77838873
1714521600,52.4470039
1714608000,50.5072421
1714694400,51.23394476
1714953600,54.87079508
1715040000,54.21395836
1715126400,53.63563008
1715212800,52.6806398
1715299200,54.06332241
1715558400,52.78442801
1715644800,53.88528565
1715731200,52.8862315
1715817600,56.0536987
1715904000,55.3199863
1716163200,55.88130084
1716249600,58.97797261
1716336000,58.16425377
1716422400,57.51690284
1716508800,56.67782166
1716854400,57.43088106
1716940800,56.10340741
1717027200,55.54247732
1717113600,56.04708336
1717372800,55.59895401
1717459200,56.14326861
1717545600,57.21357643
1717632000,57.46428761
1717718400,57.14358869
1717977600,56.36580498
1718064000,56.22664613
1718150400,54.74152744
1718236800,55.30378612
1718323200,54.29929827
1718582400,54.16652133
1718668800,54.03235115
1718841600,52.87812063
1718928000,52.8625336
1719187200,51.46725263
1719273600,49.18188387
1719360000,50.35644039
1719446400,49.57503033
1719532800,50.12737893
1719792000,51.02772279
1719878400,51.08482883
1719964800,50.41877848
1720137600,46.2101341
1720396800,44.8718992
1720483200,45.68138205
1720569600,46.94367626
1720656000,46.59714677
1720742400,46.30580319
1721001600,49.22924938
1721088000,52.31315822
1721174400,52.45515205
1721260800,51.68232171
1721347200,51.52060674
1721606400,54.20559625
1721692800,53.91832079
1721779200,52.60742639
1721865600,52.19015772
1721952000,52.40832548
1722211200,54.01480305
1722297600,53.01681327
1722384000,52.55493901
1722470400,51.44548731
1722556800,51.79362491
1722816000,45.92357726
1722902400,42.55450865
1722988800,44.12892263
1723075200,43.12451778
1723161600,49.24083541
1723420800,46.6383481
1723507200,47.1178586
1723593600,48.0101418
1723680000,46.52602112
1723766400,45.50476279
1724025600,46.5533026
1724112000,47.09037993
1724198400,46.81275787
1724284800,48.54336201
1724371200,47.94341781
1724630400,50.99441649
1724716800,49.90761168
1724803200,47.14363424
1724889600,46.622057
1724976000,46.94052179
1725321600,46.72239669
1725408000,45.36874796
1725494400,45.60810571
1725580800,43.93244751
1725840000,42.74239638
1725926400,44.90882459
1726012800,45.3233037
1726099200,45.12054369
1726185600,45.83580994
1726444800,46.68526507
1726531200,45.78108439
1726617600,47.54005939
1726704000,48.37441111
1726790400,49.77103986
1727049600,50.11194284
1727136000,49.8529084
1727222400,50.53040902
1727308800,49.53126631
1727395200,50.91796739
1727654400,51.36483821
1727740800,49.50065378
1727827200,47.63856773
1727913600,47.36831251
1728000000,47.48318332
1728259200,49.13117826
1728345600,48.79323154
1728432000,48.14903278
1728518400,46.85119748
1728604800,46.45023552
1728864000,48.47469369
1728950400,50.98098926
1729036800,51.57483656
1729123200,51.90527165
1729209600,51.64928871
1729468800,52.56451184
1729555200,51.3654907
1729641600,51.34133677
1729728000,50.70938459
1729814400,51.80177702
1730073600,51.586872
1730160000,52.83507393
1730246400,54.5588958
1730332800,54.41299618
1730419200,52.87086483
1730678400,51.81796885
1730764800,51.05189726
1730851200,52.2967471
1730937600,55.82446902
1731024000,55.94426724
1731283200,58.10247224
1731369600,61.65582413
1731456000,61.32053308
1731542400,61.91922169
1731628800,60.34428375
1731888000,61.11921237
1731974400,61.32756877
1732060800,61.81347013
1732147200,62.34041183
1732233600,63.43513675
1732492800,62.61161901
1732579200,60.73967685
1732665600,60.10264352
1732838400,61.45373756
1733097600,61.88079853
1733184000,61.09421807
1733270400,61.1078124
1733356800,62.06394162
1733443200,61.04542808
1733702400,62.23727027
1733788800,60.47786204
1733875200,60.01881712
1733961600,61.66835714
1734048000,61.10902305
1734307200,62.59092032
1734393600,62.87760155
1734480000,62.73313574
1734566400,60.56431029
1734652800,59.1404516
1734912000,57.74885906
1734998400,57.33321031
1735171200,59.07688564
1735257600,57.57125401
1735516800,56.49308963
1735603200,55.8663538
1735776000,56.5525471
1735862400,57.57939301
1736121600,58.19237215
1736208000,59.65253839
1736294400,57.36390296
1736467200,55.27131981
1736726400,56.12415184
1736812800,56.0762216
1736899200,57.0349057
1736985600,58.49260979
1737072000,58.2724452
1737417600,58.88999587
1737504000,60.36388527
1737590400,59.37761326
1737676800,59.24437626
1737936000,58.55480082
1738022400,58.1708124
1738108800,57.86353105
1738195200,58.88778441
1738281600,59.24909571
1738540800,56.09843053
1738627200,57.76244775
1738713600,56.08036692
1738800000,55.50942814
1738886400,55.37346017
1739145600,55.2296158
1739232000,55.69289959
1739318400,54.88063807
1739404800,55.85301024
1739491200,55.27735696
1739836800,54.82578588
1739923200,54.73073469
1740009600,55.18409444
1740096000,55.9151717
1740355200,54.91986476
1740441600,52.6145397
1740528000,51.05732597
1740614400,48.50687974
1740700800,48.80782196
1740960000,53.99309308
1741046400,49.67712922
1741132800,50.29629605
1741219200,52.07777143
1741305600,51.67461103
1741564800,46.19984629
1741651200,44.73881431
1741737600,47.5891706
1741824000,48.01276643
1741910400,46.36911955
1742169600,47.29127834
1742256000,48.191792
1742342400,47.37937186
1742428800,49.83663942
1742515200,48.23201083
1742774400,49.35081485
1742860800,50.13645397
1742947200,50.07351495
1743033600,49.77125648
1743120000,49.92633172
1743379200,46.9739267
1743465600,47.07233757
1743552000,48.69284688
1743638400,47.01963102
1743724800,47.36285093
1743984000,44.13534209
1744070400,44.65053411
1744156800,42.59880926
1744243200,46.93755289
1744329600,44.90801414
1744588800,47.5807419
1744675200,48.09131682
1744761600,47.56146626
1744848000,47.78494467
1745193600,48.56268654
1745280000,49.91296778
1745366400,53.00063108
1745452800,52.98195391
1745539200,53.05091807
1745798400,52.73107489
1745884800,53.29040413
1745971200,52.85058608
1746057600,52.76568193
1746144000,53.83398435
1746403200,52.73866398
1746489600,52.83097561
1746576000,53.72132699
1746662400,53.76301769
1746748800,56.43070511
1747008000,56.64956847
1747094400,56.02357268
1747180800,56.45465157
1747267200,56.15420553
1747353600,56.15885348
1747612800,57.17011239
1747699200,56.69568806
1747785600,57.12424826
1747872000,58.10210245
1747958400,58.74375359
1748304000,57.69827274
1748390400,57.37856319
1748476800,56.85824119
1748563200,55.88679081
1748822400,55.85416194
1748908800,55.81908681
1748995200,55.52005061
1749081600,55.14731939
1749168000,53.77916538
1749427200,55.51560838
1749513600,57.27114589
1749600000,57.18821816
1749686400,56.51775009
1749772800,55.29918402
1750032000,55.1436948
1750118400,55.54053208
1750204800,54.59926453
1750377600,54.58948306
1750636800,52.91506002
1750723200,54.7982206
1750809600,55.03732292
1750896000,55.50080351
1750982400,55.24262842
1751241600,55.66307298
1751328000,55.06455279
1751414400,54.41799415
1751500800,55.67613413
1751846400,55.29956382
1751932800,54.83325458
1752019200,55.02902352
1752105600,55.8465205
1752192000,57.56150602
1752451200,58.41842689
1752537600,58.53593379
1752624000,57.71577069
1752710400,57.76586898
1752796800,57.79271736
1753056000,56.95598862
1753142400,56.92162124
1753228800,57.71763741
1753315200,57.21024749
1753401600,56.9962872
1753660800,57.23788974
1753747200,56.69195369
1753833600,56.57395814
1753920000,56.47469906
1754006400,55.67504008
1754265600,55.04254723
1754352000,55.31866259
1754438400,54.92342981
1754524800,55.25582533
1754611200,56.12137228
1754870400,56.69464644
1754956800,56.43103288
1755043200,56.89076353
1755129600,57.93503553
1755216000,56.13898928
1755475200,55.61406229
1755561600,55.14367122
1755648000,53.76161976
1755734400,54.29831612
1755820800,53.56168373
1756080000,53.85295232
1756166400,52.45995228
1756252800,53.12374179
1756339200,52.88673753
1756425600,53.37844231
1756771200,51.72540545
1756857600,52.56303745
1756944000,52.7535776
1757030400,52.28738692
1757116800,51.936847
1757203200,52.313734
1757289600,52.684696
1757376000,52.435165
1757462400,53.2185515
1757548800,54.001938
1757635200,54.181918
1757721600,54.104341
1757808000,53.894777
1757894400,53.807325
1757980800,54.337861
1758067200,54.143467
1758153600,54.343847
1758240000,53.706925
1758326400,53.701156
1758412800,53.495179
1758499200,52.446869
1758585600,52.100226
1758672000,52.614703
1758758400,50.700649
1758844800,51.008904
1758931200,50.953506
1759017600,52.04112
1759104000,52.910146
1759190400,52.715878
1759276800,54.386951
1759363200,55.036855
1759449600,55.566083
1759536000,55.554791
1759622400,55.906574
1759708800,56.265805
1759795200,54.92255
1759881600,55.539743
1759968000,54.874703
1760054400,51.354362
1760140800,50.424776
1760227200,52.244138
1760313600,52.305032
1760400000,51.303781
1760486400,50.142566
1760572800,48.952573
1760659200,48.170378
1760745600,48.505115
1760832000,49.134648
1760918400,49.978957
1761004800,48.908966
1761091200,48.475339
1761177600,49.62288
1761264000,50.02833
1761350400,50.270395
1761436800,51.482085
1761523200,51.232177
1761609600,50.63683
1761696000,49.336492
1761782400,48.387767
1761868800,49.03009
1761955200,49.154103
1762041600,49.359522
1762128000,47.444483
