time,SSR
1545609600,31.88
1545782400,30.35
1545868800,30.62
1545955200,28.94
1546214400,30.49
1546387200,30.52
1546473600,30.42
1546560000,29.66
1546819200,31.31
1546905600,30.76
1546992000,30.48
1547078400,30.47
1547164800,27.41
1547424000,25.77
1547510400,26.5
1547596800,25.73
1547683200,26.33
1547769600,26.46
1548115200,25.56
1548201600,25.89
1548288000,25.89
1548374400,25.98
1548633600,25.78
1548720000,25.01
1548806400,24.76
1548892800,25.14
1548979200,24.92
1549238400,25.1
1549324800,25.1
1549411200,25.16
1549497600,24.7
1549584000,24.66
1549843200,26.67
1549929600,26.31
1550016000,26.35
1550102400,26.24
1550188800,26.11
1550534400,28.43
1550620800,29.23
1550707200,33.12
1550793600,29.62
1551052800,28.16
1551139200,28.74
1551225600,28.64
1551312000,28.61
1551398400,28.48
1551657600,28.58
1551744000,27.88
1551830400,28.96
1551916800,29.39
1552003200,29.44
1552262400,29.71
1552348800,29.39
1552435200,29.42
1552521600,29.27
1552608000,29.34
1552867200,30.06
1552953600,30.13
1553040000,30.23
1553126400,30.5
1553212800,30.06
1553472000,29.9
1553558400,29.59
1553644800,29.63
1553731200,30.32
1553817600,30.24
1554076800,30.8
1554163200,30.99
1554249600,40.12
1554336000,40.6
1554422400,39.93
1554681600,37.46
1554768000,37.1
1554854400,35.74
1554940800,35.84
1555027200,33.42
1555286400,32.74
1555372800,31.67
1555459200,32.38
1555545600,31.92
1555891200,31.79
1555977600,32.14
1556064000,32.31
1556150400,30.23
1556236800,28.84
1556496000,28.99
1556582400,28.77
1556668800,29.2
1556755200,30.01
1556841600,30.74
1557100800,32.22
1557187200,32.11
1557273600,32.64
1557360000,33.49
1557446400,34.3
1557705600,38.65
1557792000,43.12
1557878400,43.83
1557964800,44.38
1558051200,42.72
1558310400,44.29
1558396800,42.89
1558483200,41.96
1558569600,40.17
1558656000,40.93
1559001600,44.11
1559088000,43.39
1559174400,43.14
1559260800,41.57
1559520000,43.66
1559606400,40.59
1559692800,38.13
1559779200,38.22
1559865600,37.86
1560124800,37.03
1560211200,38.38
1560297600,37.57
1560384000,38.26
1560470400,38.02
1560729600,40.85
1560816000,41.81
1560902400,40.75
1560988800,41.54
1561075200,42.52
1561334400,48.85
1561420800,49.03
1561507200,52.86
1561593600,58.14
1561680000,50.02
1561939200,47.57
1562025600,45.95
1562112000,47.41
1562284800,48.22
1562544000,48.91
1562630400,51.82
1562716800,51.95
1562803200,50.02
1562889600,46.49
1563148800,41.48
1563235200,43.88
1563321600,37.85
1563408000,38.77
1563494400,42.23
1563753600,41.68
1563840000,40.66
1563926400,38.81
1564012800,38.5
1564099200,39.09
1564358400,37.56
1564444800,37.54
1564531200,37.84
1564617600,39.67
1564704000,41.04
1564963200,43.18
1565049600,46.48
1565136000,45.15
1565222400,47.1
1565308800,46.62
1565568000,45.42
1565654400,44.86
1565740800,42.87
1565827200,39.48
1565913600,40.56
1566172800,40.61
1566259200,42.98
1566345600,42.31
1566432000,39.92
1566518400,40.02
1566777600,39.87
1566864000,40.79
1566950400,40.01
1567036800,38.79
1567123200,37.74
1567468800,41.11
1567555200,41.86
1567641600,41.68
1567728000,41.64
1567987200,40.58
1568073600,40.17
1568160000,39.23
1568246400,39.5
1568332800,40.52
1568592000,40.04
1568678400,39.9
1568764800,39.57
1568851200,39.65
1568937600,39.99
1569196800,39.19
1569283200,37.88
1569369600,33.4
1569456000,32.87
1569542400,31.47
1569801600,31.45
1569888000,32.36
1569974400,32.43
1570060800,32.64
1570147200,32
1570406400,30.29
1570492800,31.6
1570579200,31.56
1570665600,33.07
1570752000,33.23
1571011200,31.89
1571097600,32.27
1571184000,31.48
1571270400,30.9
1571356800,31.17
1571616000,31.72
1571702400,31.69
1571788800,31.01
1571875200,28.81
1571961600,28.76
1572220800,36.71
1572307200,35.54
1572393600,36.35
1572480000,35.38
1572566400,35.4
1572825600,35.56
1572912000,36.36
1572998400,36
1573084800,36.08
1573171200,35.63
1573430400,35.01
1573516800,33.8
1573603200,34.18
1573689600,33.91
1573776000,33.44
1574035200,33.02
1574121600,31.78
1574208000,31.61
1574294400,31.52
1574380800,29.67
1574640000,26.93
1574726400,27.76
1574812800,27.8
1574985600,28.82
1575244800,28.74
1575331200,28.34
1575417600,28.39
1575504000,28.08
1575590400,28.75
1575849600,29.35
1575936000,28.65
1576022400,28.14
1576108800,28.01
1576195200,27.93
1576454400,27.63
1576540800,26.77
1576627200,25.69
1576713600,28.26
1576800000,27.78
1577059200,28.88
1577145600,28.1
1577318400,27.73
1577404800,27.72
1577664000,28.51
1577750400,27.81
1577923200,27.7
1578009600,26.83
1578268800,28.35
1578355200,26.94
1578441600,28.36
1578528000,28.04
1578614400,27.56
1578873600,28.72
1578960000,28.51
1579046400,31
1579132800,30.94
1579219200,30.64
1579564800,30.39
1579651200,30.63
1579737600,30.49
1579824000,29.54
1580083200,30.17
1580169600,31.27
1580256000,32.97
1580342400,32.59
1580428800,33.42
1580688000,32.77
1580774400,32.65
1580860800,32.3
1580947200,33.84
1581033600,34.38
1581292800,35.72
1581379200,34.68
1581465600,35.98
1581552000,36.34
1581638400,35.95
1581984000,34.07
1582070400,35.69
1582156800,33.65
1582243200,33.77
1582502400,34.99
1582588800,34.01
1582675200,32.75
1582761600,30.87
1582848000,30.91
1583107200,29.95
1583193600,31.2
1583280000,30.62
1583366400,30.56
1583452800,31.69
1583712000,28.06
1583798400,27.77
1583884800,27.61
1583971200,27.72
1584057600,16.64
1584316800,18.47
1584403200,17.34
1584489600,18.16
1584576000,18.43
1584662400,21.02
1584921600,19.79
1585008000,21.94
1585094400,22.82
1585180800,22.59
1585267200,22.68
1585526400,19.88
1585612800,21.6
1585699200,16.91
1585785600,17.54
1585872000,17.92
1586131200,17.83
1586217600,18.81
1586304000,18.49
1586390400,18.85
1586736000,17.67
1586822400,17.51
1586908800,17.54
1586995200,16.91
1587081600,18.17
1587340800,18.22
1587427200,17.44
1587513600,17.49
1587600000,18.22
1587686400,19.31
1587945600,19.58
1588032000,19.77
1588118400,19.8
1588204800,22.44
1588291200,22.01
1588550400,22.78
1588636800,22.67
1588723200,23.08
1588809600,23.4
1588896000,25.53
1589155200,22.33
1589241600,21.91
1589328000,22.58
1589414400,23.81
1589500800,18.68
1589760000,18.48
1589846400,18.56
1589932800,18.69
1590019200,18.17
1590105600,17.33
1590451200,17.02
1590537600,16.82
1590624000,17.54
1590710400,18.22
1590969600,18.02
1591056000,19.43
1591142400,17.44
1591228800,17.69
1591315200,17.91
1591574400,17.82
1591660800,17.88
1591747200,17.88
1591833600,18.12
1591920000,16.98
1592179200,17.1
1592265600,17.26
1592352000,17.46
1592438400,17.34
1592524800,17.18
1592784000,17.02
1592870400,17.38
1592956800,17.3
1593043200,16.71
1593129600,16.63
1593388800,16.41
1593475200,16.53
1593561600,16.41
1593648000,16.59
1593993600,16.07
1594080000,16.54
1594166400,16.38
1594252800,16.65
1594339200,16.28
1594598400,16.35
1594684800,16.23
1594771200,16.27
1594857600,16.15
1594944000,16.05
1595203200,16.12
1595289600,16.05
1595376000,16.44
1595462400,15.51
1595548800,15.57
1595808000,16.01
1595894400,17.76
1595980800,17.56
1596067200,17.83
1596153600,17.78
1596412800,17.82
1596499200,18.06
1596585600,18.01
1596672000,18.91
1596758400,18.94
1597017600,18.68
1597104000,18.99
1597190400,18.19
1597276800,18.42
1597363200,18.71
1597622400,18.89
1597708800,19.48
1597795200,18.88
1597881600,18.54
1597968000,18.66
1598227200,18.2
1598313600,18.37
1598400000,17.66
1598486400,17.85
1598572800,17.6
1598832000,18.15
1598918400,14.12
1599004800,14.32
1599091200,13.46
1599177600,11.81
1599523200,11.73
1599609600,11.4
1599696000,11.37
1599782400,11.41
1600041600,11.14
1600128000,11.47
1600214400,11.34
1600300800,11.5
1600387200,11.37
1600646400,11.02
1600732800,10.45
1600819200,10.55
1600905600,10.24
1600992000,10.67
1601251200,10.61
1601337600,10.49
1601424000,10.6
1601510400,10.53
1601596800,10.39
1601856000,10.4
1601942400,10.44
1602028800,10.25
1602115200,10.3
1602201600,10.49
1602460800,10.8
1602547200,10.95
1602633600,10.87
1602720000,10.89
1602806400,10.98
1603065600,10.97
1603152000,11.18
1603238400,11.3
1603324800,12.08
1603411200,12.25
1603670400,12.06
1603756800,12.06
1603843200,12.55
1603929600,12.15
1604016000,12.27
1604275200,12.41
1604361600,12.22
1604448000,12.63
1604534400,12.72
1604620800,13.96
1604880000,13.63
1604966400,13.48
1605052800,13.4
1605139200,13.66
1605225600,14.14
1605484800,13.63
1605571200,14.27
1605657600,15.07
1605744000,15.11
1605830400,15.08
1606089600,15.28
1606176000,15.22
1606262400,15.75
1606435200,13.9
1606694400,14.6
1606780800,15.79
1606867200,14.88
1606953600,15.21
1607040000,15.36
1607299200,15.13
1607385600,14.94
1607472000,14.27
1607558400,14.43
1607644800,14.16
1607904000,14.72
1607990400,14.79
1608076800,14.94
1608163200,16.4
1608249600,17.36
1608508800,17.58
1608595200,17.02
1608681600,17.81
1608768000,17.26
1609113600,19.2
1609200000,19.67
1609286400,19.82
1609372800,20.86
1609718400,23.02
1609804800,21.73
1609891200,23.04
1609977600,24.62
1610064000,25.69
1610323200,23.38
1610409600,21.75
1610496000,20.93
1610582400,22.98
1610668800,23.98
1611014400,22.06
1611100800,21.62
1611187200,21
1611273600,18.15
1611532800,18.85
1611619200,18.77
1611705600,18.93
1611792000,17.52
1611878400,19.06
1612137600,18.16
1612224000,18.29
1612310400,19.23
1612396800,20.15
1612483200,19.51
1612742400,19.61
1612828800,23.33
1612915200,22.61
1613001600,21.41
1613088000,22.56
1613433600,21.54
1613520000,22.01
1613606400,23.25
1613692800,22.61
1613952000,24.12
1614038400,22.59
1614124800,20.23
1614211200,20.44
1614297600,19.34
1614556800,18.23
1614643200,19.93
1614729600,19.36
1614816000,19.94
1614902400,18.99
1615161600,19.8
1615248000,20.38
1615334400,21.16
1615420800,21.41
1615507200,21.87
1615766400,21.9
1615852800,20.5
1615939200,20.91
1616025600,21.59
1616112000,21.01
1616371200,20.46
1616457600,19.21
1616544000,19.26
1616630400,18.44
1616716800,17.88
1616976000,19.2
1617062400,19.9
1617148800,20.19
1617235200,20.17
1617580800,19.27
1617667200,19.59
1617753600,19.04
1617840000,18.33
1617926400,18.79
1618185600,19.08
1618272000,19.11
1618358400,19.95
1618444800,19.48
1618531200,19.31
1618790400,16.67
1618876800,16.49
1618963200,16.6
1619049600,15.71
1619136000,15.05
1619395200,14.15
1619481600,15.56
1619568000,15.76
1619654400,15.56
1619740800,15.15
1620000000,15.09
1620086400,15.17
1620172800,14.08
1620259200,15.03
1620345600,14.57
1620604800,14.78
1620691200,14.15
1620777600,14.02
1620864000,12.11
1620950400,12.1
1621209600,11.2
1621296000,10.52
1621382400,10.34
1621468800,8.88
1621555200,9.87
1621814400,8.31
1621900800,8.56
1621987200,8.4
1622073600,8.46
1622160000,8.23
1622505600,7.84
1622592000,7.71
1622678400,7.89
1622764800,8.23
1623024000,7.45
1623110400,6.97
1623196800,6.92
1623283200,7.72
1623369600,7.56
1623628800,7.99
1623715200,8.3
1623801600,8.22
1623888000,7.82
1623974400,7.78
1624233600,7.23
1624320000,6.39
1624406400,6.58
1624492800,6.77
1624579200,6.96
1624838400,6.96
1624924800,6.94
1625011200,7.25
1625097600,7.06
1625184000,6.76
1625529600,6.77
1625616000,6.87
1625702400,6.78
1625788800,6.58
1626048000,6.85
1626134400,6.61
1626220800,6.52
1626307200,6.53
1626393600,6.37
1626652800,6.33
1626739200,6.15
1626825600,5.93
1626912000,6.39
1626998400,6.42
1627257600,7.04
1627344000,7.43
1627430400,7.87
1627516800,7.93
1627603200,7.98
1627862400,7.88
1627948800,7.74
1628035200,7.54
1628121600,7.84
1628208000,8.05
1628467200,8.73
1628553600,9.22
1628640000,9.09
1628726400,9.08
1628812800,8.63
1629072000,9.1
1629158400,8.89
1629244800,8.61
1629331200,8.61
1629417600,9.01
1629676800,9.48
1629763200,9.51
1629849600,9.15
1629936000,9.34
1630022400,8.94
1630281600,9.28
1630368000,9.03
1630454400,8.95
1630540800,9.37
1630627200,9.3
1630972800,9.92
1631059200,8.63
1631145600,8.36
1631232000,8.64
1631491200,8.32
1631577600,8.12
1631664000,8.52
1631750400,8.99
1631836800,8.64
1632096000,8.52
1632182400,7.77
1632268800,7.29
1632355200,7.81
1632441600,8.03
1632700800,7.67
1632787200,7.48
1632873600,7.27
1632960000,7.36
1633046400,7.75
1633305600,9.03
1633392000,9.22
1633478400,9.07
1633564800,10.36
1633651200,9.45
1633910400,9.54
1633996800,10.73
1634083200,9.76
1634169600,10
1634256000,10
1634515200,10.71
1634601600,10.81
1634688000,11.24
1634774400,11.53
1634860800,10.85
1635120000,10.56
1635206400,10.96
1635292800,10.47
1635379200,10.13
1635465600,10.46
1635724800,10.52
1635811200,10.45
1635897600,10.8
1635984000,10.68
1636070400,10.38
1636329600,10.53
1636416000,11.24
1636502400,11.04
1636588800,10.68
1636675200,10.66
1636934400,10.77
1637020800,10.46
1637107200,9.9
1637193600,9.93
1637280000,9.37
1637539200,9.58
1637625600,9.16
1637712000,9.4
1637884800,9.56
1638144000,9.17
1638230400,9.24
1638316800,9.09
1638403200,9.08
1638489600,8.93
1638748800,7.61
1638835200,7.77
1638921600,7.75
1639008000,7.71
1639094400,7.27
1639353600,7.62
1639440000,7.09
1639526400,7.18
1639612800,7.26
1639699200,7.05
1639958400,6.92
1640044800,6.94
1640131200,7.24
1640217600,7.18
1640563200,7.4
1640649600,7.41
1640736000,6.95
1640822400,6.78
1640908800,6.86
1641168000,6.87
1641254400,6.74
1641340800,6.66
1641427200,6.3
1641513600,6.23
1641772800,6.04
1641859200,6.02
1641945600,6.14
1642032000,6.27
1642118400,6.06
1642464000,5.99
1642550400,6
1642636800,5.89
1642723200,5.73
1642982400,5.07
1643068800,5.11
1643155200,5.13
1643241600,5.09
1643328000,5.13
1643587200,5.22
1643673600,5.3
1643760000,5.33
1643846400,5.06
1643932800,5.11
1644192000,5.79
1644278400,5.97
1644364800,5.99
1644451200,6.01
1644537600,5.87
1644796800,5.65
1644883200,5.71
1644969600,5.97
1645056000,5.88
1645142400,5.43
1645488000,4.95
1645574400,5.1
1645660800,4.96
1645747200,5.1
1646006400,5.02
1646092800,5.74
1646179200,5.91
1646265600,5.84
1646352000,5.64
1646611200,5.11
1646697600,5.05
1646784000,5.15
1646870400,5.6
1646956800,5.26
1647216000,5.05
1647302400,5.29
1647388800,5.24
1647475200,5.48
1647561600,5.46
1647820800,5.5
1647907200,5.47
1647993600,5.65
1648080000,5.72
1648166400,5.87
1648425600,6.22
1648512000,6.25
1648598400,6.29
1648684800,6.24
1648771200,6.04
1649030400,6.16
1649116800,6.18
1649203200,6.03
1649289600,5.72
1649376000,5.76
1649635200,5.58
1649721600,5.24
1649808000,5.31
1649894400,5.45
1650240000,5.26
1650326400,5.4
1650412800,5.5
1650499200,5.48
1650585600,5.36
1650844800,5.23
1650931200,5.36
1651017600,5.05
1651104000,5.2
1651190400,5.27
1651449600,5.1
1651536000,5.1
1651622400,5
1651708800,5.26
1651795200,4.84
1652054400,4.51
1652140800,3.98
1652227200,4.11
1652313600,3.85
1652400000,3.84
1652659200,4.39
1652745600,4.19
1652832000,4.27
1652918400,4.02
1653004800,4.29
1653264000,4.29
1653350400,4.12
1653436800,4.2
1653523200,4.18
1653609600,4.13
1653955200,4.49
1654041600,4.5
1654128000,4.22
1654214400,4.31
1654473600,4.23
1654560000,4.44
1654646400,4.4
1654732800,4.32
1654819200,4.31
1655078400,3.81
1655164800,3.22
1655251200,3.16
1655337600,3.23
1655424000,2.91
1655769600,2.9
1655856000,2.96
1655942400,2.92
1656028800,3.09
1656288000,3.1
1656374400,3.05
1656460800,2.99
1656547200,2.97
1656633600,2.94
1656979200,2.98
1657065600,2.97
1657152000,3.03
1657238400,3.19
1657497600,3.09
1657584000,2.95
1657670400,2.86
1657756800,3
1657843200,3.07
1658102400,3.1
1658188800,3.34
1658275200,3.49
1658361600,3.46
1658448000,3.45
1658707200,3.37
1658793600,3.18
1658880000,3.17
1658966400,3.42
1659052800,3.56
1659312000,3.47
1659398400,3.47
1659484800,3.43
1659571200,3.4
1659657600,3.37
1659916800,3.46
1660003200,3.55
1660089600,3.45
1660176000,3.57
1660262400,3.57
1660521600,3.63
1660608000,3.6
1660694400,3.56
1660780800,3.48
1660867200,3.46
1661126400,3.21
1661212800,3.19
1661299200,3.21
1661385600,3.19
1661472000,3.22
1661731200,2.91
1661817600,3.03
1661904000,2.95
1661990400,2.99
1662076800,3
1662422400,2.95
1662508800,2.8
1662595200,2.88
1662681600,2.88
1662940800,3.26
1663027200,3.34
1663113600,3.01
1663200000,3.02
1663286400,2.94
1663545600,2.89
1663632000,2.91
1663718400,2.81
1663804800,2.75
1663891200,2.89
1664150400,2.8
1664236800,2.96
1664323200,2.95
1664409600,3.01
1664496000,3.04
1664755200,2.99
1664841600,3.09
1664928000,3.21
1665014400,3.19
1665100800,3.15
1665360000,3.08
1665446400,3.03
1665532800,3.02
1665619200,3.04
1665705600,3.08
1665964800,3.08
1666051200,3.13
1666137600,3.1
1666224000,3.08
1666310400,3.08
1666569600,3.17
1666656000,3.13
1666742400,3.25
1666828800,3.36
1666915200,3.27
1667174400,3.33
1667260800,3.3
1667347200,3.32
1667433600,3.28
1667520000,3.3
1667779200,3.41
1667865600,3.32
1667952000,3
1668038400,2.56
1668124800,2.86
1668384000,2.69
1668470400,2.74
1668556800,2.78
1668643200,2.75
1668729600,2.76
1668988800,2.69
1669075200,2.61
1669161600,2.7
1669334400,2.77
1669593600,2.74
1669680000,2.71
1669766400,2.76
1669852800,2.89
1669939200,2.86
1670198400,2.87
1670284800,2.85
1670371200,2.87
1670457600,2.83
1670544000,2.9
1670803200,2.88
1670889600,2.9
1670976000,2.94
1671062400,2.93
1671148800,2.86
1671408000,2.75
1671494400,2.71
1671580800,2.79
1671667200,2.78
1671753600,2.78
1672099200,2.79
1672185600,2.76
1672272000,2.73
1672358400,2.74
1672704000,2.75
1672790400,2.75
1672876800,2.79
1672963200,2.78
1673222400,2.84
1673308800,2.85
1673395200,2.9
1673481600,2.98
1673568000,3.13
1673913600,3.51
1674000000,3.5
1674086400,3.44
1674172800,3.52
1674432000,3.78
1674518400,3.8
1674604800,3.75
1674691200,3.81
1674777600,3.8
1675036800,3.92
1675123200,3.77
1675209600,3.83
1675296000,3.95
1675382400,3.9
1675641600,3.82
1675728000,3.79
1675814400,3.87
1675900800,3.83
1675987200,3.64
1676246400,3.66
1676332800,3.67
1676419200,3.73
1676505600,4.06
1676592000,3.89
1676937600,4.08
1677024000,4.01
1677110400,3.96
1677196800,3.92
1677456000,3.83
1677542400,3.82
1677628800,3.76
1677715200,3.85
1677801600,3.81
1678060800,3.59
1678147200,3.59
1678233600,3.56
1678320000,3.48
1678406400,3.27
1678665600,3.59
1678752000,3.89
1678838400,4.02
1678924800,3.97
1679011200,4.11
1679270400,4.58
1679356800,4.55
1679443200,4.62
1679529600,4.46
1679616000,4.65
1679875200,4.57
1679961600,4.44
1680048000,4.46
1680134400,4.64
1680220800,4.58
1680480000,4.64
1680566400,4.57
1680652800,4.62
1680739200,4.62
1681084800,4.64
1681171200,4.86
1681257600,4.95
1681344000,4.9
1681430400,4.99
1681689600,4.97
1681776000,4.83
1681862400,4.99
1681948800,4.75
1682035200,4.65
1682294400,4.56
1682380800,4.55
1682467200,4.67
1682553600,4.69
1682640000,4.87
1682899200,4.83
1682985600,4.64
1683072000,4.74
1683158400,4.81
1683244800,4.77
1683504000,4.71
1683590400,4.59
1683676800,4.56
1683763200,4.55
1683849600,4.44
1684108800,4.43
1684195200,4.48
1684281600,4.46
1684368000,4.53
1684454400,4.44
1684713600,4.42
1684800000,4.44
1684886400,4.5
1684972800,4.36
1685059200,4.39
1685404800,4.6
1685491200,4.59
1685577600,4.51
1685664000,4.45
1685923200,4.5
1686009600,4.27
1686096000,4.52
1686182400,4.38
1686268800,4.41
1686528000,4.32
1686614400,4.32
1686700800,4.32
1686787200,4.19
1686873600,4.27
1687219200,4.49
1687305600,4.73
1687392000,5
1687478400,4.99
1687737600,5.08
1687824000,5.05
1687910400,5.13
1687996800,5.03
1688083200,5.09
1688342400,5.15
1688515200,5.17
1688601600,5.12
1688688000,5.02
1688947200,5.07
1689033600,5.12
1689120000,5.16
1689206400,5.12
1689292800,5.31
1689552000,5.08
1689638400,5.07
1689724800,5.03
1689811200,5.04
1689897600,5.02
1690156800,5.08
1690243200,4.93
1690329600,4.94
1690416000,4.96
1690502400,4.94
1690761600,4.96
1690848000,4.95
1690934400,5.03
1691020800,4.95
1691107200,4.96
1691366400,4.94
1691452800,4.96
1691539200,5.05
1691625600,5.01
1691712000,4.98
1691971200,4.96
1692057600,4.98
1692144000,4.95
1692230400,4.87
1692316800,4.52
1692576000,4.45
1692662400,4.44
1692748800,4.43
1692835200,4.49
1692921600,4.45
1693180800,4.44
1693267200,4.44
1693353600,4.71
1693440000,4.64
1693526400,4.41
1693872000,4.38
1693958400,4.38
1694044800,4.38
1694131200,4.46
1694390400,4.38
1694476800,4.26
1694563200,4.39
1694649600,4.46
1694736000,4.51
1694995200,4.5
1695081600,4.53
1695168000,4.62
1695254400,4.62
1695340800,4.52
1695600000,4.47
1695686400,4.49
1695772800,4.48
1695859200,4.5
1695945600,4.62
1696204800,4.8
1696291200,4.71
1696377600,4.7
1696464000,4.76
1696550400,4.69
1696809600,4.76
1696896000,4.7
1696982400,4.67
1697068800,4.59
1697155200,4.57
1697414400,4.64
1697500800,4.87
1697587200,4.85
1697673600,4.82
1697760000,4.88
1698019200,5.07
1698105600,5.61
1698192000,5.76
1698278400,5.88
1698364800,5.81
1698624000,5.86
1698710400,5.85
1698796800,5.89
1698883200,6.02
1698969600,5.93
1699228800,5.93
1699315200,5.93
1699401600,6.01
1699488000,6
1699574400,6.18
1699833600,6.22
1699920000,6.12
1700006400,5.95
1700092800,6.34
1700179200,6.05
1700438400,6.22
1700524800,6.23
1700611200,5.93
1700784000,6.17
1701043200,6.17
1701129600,6.14
1701216000,6.23
1701302400,6.22
1701388800,6.2
1701648000,6.55
1701734400,6.88
1701820800,7.22
1701907200,7.16
1701993600,7.07
1702252800,7.11
1702339200,6.71
1702425600,6.76
1702512000,6.98
1702598400,6.99
1702857600,6.7
1702944000,6.91
1703030400,6.84
1703116800,7.06
1703203200,7.08
1703548800,7.02
1703635200,6.84
1703721600,7
1703808000,6.85
1704153600,7.12
1704240000,7.23
1704326400,6.87
1704412800,7.04
1704672000,6.92
1704758400,7.4
1704844800,7.25
1704931200,7.32
1705017600,7.25
1705363200,6.62
1705449600,6.71
1705536000,6.66
1705622400,6.42
1705881600,6.47
1705968000,6.16
1706054400,6.21
1706140800,6.2
1706227200,6.18
1706486400,6.46
1706572800,6.66
1706659200,6.59
1706745600,6.51
1706832000,6.58
1707091200,6.49
1707177600,6.51
1707264000,6.57
1707350400,6.75
1707436800,6.88
1707696000,7.31
1707782400,7.56
1707868800,7.51
1707955200,7.82
1708041600,7.81
1708387200,7.76
1708473600,7.83
1708560000,7.76
1708646400,7.68
1708905600,7.73
1708992000,8.14
1709078400,8.49
1709164800,9.27
1709251200,9.05
1709510400,9.29
1709596800,10.02
1709683200,9.32
1709769600,9.64
1709856000,9.71
1710115200,9.88
1710201600,10.3
1710288000,10.17
1710374400,10.37
1710460800,10.08
1710720000,9.63
1710806400,9.51
1710892800,8.68
1710979200,9.49
1711065600,9.14
1711324800,9.34
1711411200,9.71
1711497600,9.71
1711584000,9.62
1711929600,9.86
1712016000,9.66
1712102400,9.06
1712188800,9.09
1712275200,9.38
1712534400,9.4
1712620800,9.71
1712707200,9.39
1712793600,9.6
1712880000,9.51
1713139200,8.9
1713225600,8.59
1713312000,8.62
1713398400,8.22
1713484800,8.49
1713744000,8.57
1713830400,8.81
1713916800,8.77
1714003200,8.47
1714089600,8.51
1714348800,8.32
1714435200,8.41
1714521600,8
1714608000,7.71
1714694400,7.8
1714953600,8.41
1715040000,8.31
1715126400,8.21
1715212800,8.06
1715299200,8.31
1715558400,8.11
1715644800,8.3
1715731200,8.12
1715817600,8.73
1715904000,8.6
1716163200,8.69
1716249600,9.37
1716336000,9.21
1716422400,9.1
1716508800,8.93
1716854400,9.13
1716940800,9
1717027200,8.91
1717113600,9
1717372800,8.9
1717459200,9.04
1717545600,9.27
1717632000,9.34
1717718400,9.28
1717977600,9.15
1718064000,9.14
1718150400,8.85
1718236800,8.96
1718323200,8.75
1718582400,8.74
1718668800,8.72
1718841600,8.49
1718928000,8.48
1719187200,8.25
1719273600,7.87
1719360000,8.06
1719446400,7.94
1719532800,8.06
1719792000,8.22
1719878400,8.24
1719964800,8.13
1720137600,7.46
1720396800,7.28
1720483200,7.39
1720569600,7.55
1720656000,7.51
1720742400,7.45
1721001600,7.9
1721088000,8.41
1721174400,8.43
1721260800,8.29
1721347200,8.27
1721606400,8.76
1721692800,8.69
1721779200,8.47
1721865600,8.39
1721952000,8.45
1722211200,8.75
1722297600,8.57
1722384000,8.51
1722470400,8.32
1722556800,8.43
1722816000,7.5
1722902400,6.94
1722988800,7.19
1723075200,7.05
1723161600,7.86
1723420800,7.46
1723507200,7.53
1723593600,7.69
1723680000,7.42
1723766400,7.26
1724025600,7.34
1724112000,7.47
1724198400,7.4
1724284800,7.67
1724371200,7.56
1724630400,8.02
1724716800,7.86
1724803200,7.43
1724889600,7.38
1724976000,7.42
1725321600,7.37
1725408000,7.18
1725494400,7.23
1725580800,7
1725840000,6.84
1725926400,7.1
1726012800,7.17
1726099200,7.12
1726185600,7.22
1726444800,7.31
1726531200,7.2
1726617600,7.47
1726704000,7.64
1726790400,7.79
1727049600,7.83
1727136000,7.79
1727222400,7.91
1727308800,7.77
1727395200,8.01
1727654400,8.04
1727740800,7.77
1727827200,7.5
1727913600,7.47
1728000000,7.48
1728259200,7.73
1728345600,7.66
1728432000,7.66
1728518400,7.48
1728604800,7.45
1728864000,7.76
1728950400,8.16
1729036800,8.29
1729123200,8.35
1729209600,8.32
1729468800,8.5
1729555200,8.3
1729641600,8.32
1729728000,8.24
1729814400,8.43
1730073600,8.38
1730160000,8.62
1730246400,8.96
1730332800,8.9
1730419200,8.64
1730678400,8.46
1730764800,8.34
1730851200,8.52
1730937600,9.24
1731024000,9.18
1731283200,9.6
1731369600,10.58
1731456000,10.48
1731542400,10.7
1731628800,10.25
1731888000,10.45
1731974400,10.52
1732060800,10.68
1732147200,10.87
1732233600,11.23
1732492800,10.96
1732579200,10.41
1732665600,10.3
1732838400,10.64
1733097600,10.72
1733184000,10.57
1733270400,10.54
1733356800,10.81
1733443200,10.57
1733702400,10.85
1733788800,10.45
1733875200,10.37
1733961600,10.83
1734048000,10.61
1734307200,11.02
1734393600,11.18
1734480000,11.16
1734566400,10.53
1734652800,10.25
1734912000,10.01
1734998400,9.98
1735171200,10.47
1735257600,10.09
1735516800,9.87
1735603200,9.77
1735776000,10.03
1735862400,10.28
1736121600,10.35
1736208000,10.75
1736294400,10.19
1736467200,9.73
1736726400,9.93
1736812800,9.93
1736899200,10.15
1736985600,10.56
1737072000,10.48
1737417600,10.56
1737504000,10.95
1737590400,10.54
1737676800,10.52
1737936000,10.33
1738022400,10.27
1738108800,10.19
1738195200,10.41
1738281600,10.51
1738540800,9.77
1738627200,10.11
1738713600,9.67
1738800000,9.53
1738886400,9.47
1739145600,9.41
1739232000,9.5
1739318400,9.33
1739404800,9.54
1739491200,9.42
1739836800,9.32
1739923200,9.31
1740009600,9.41
1740096000,9.58
1740355200,9.31
1740441600,8.86
1740528000,8.61
1740614400,8.19
1740700800,8.24
1740960000,9.16
1741046400,8.38
1741132800,8.47
1741219200,8.78
1741305600,8.69
1741564800,7.76
1741651200,7.55
1741737600,7.97
1741824000,8.03
1741910400,7.77
1742169600,7.89
1742256000,8.03
1742342400,7.9
1742428800,8.28
1742515200,8.02
1742774400,8.19
1742860800,8.32
1742947200,8.29
1743033600,8.23
1743120000,8.25
1743379200,7.79
1743465600,7.82
1743552000,8.07
1743638400,7.8
1743724800,7.84
1743984000,7.42
1744070400,7.49
1744156800,7.22
1744243200,7.83
1744329600,7.54
1744588800,7.92
1744675200,8
1744761600,7.89
1744848000,7.92
1745193600,8.02
1745280000,8.24
1745366400,8.76
1745452800,8.75
1745539200,8.76
1745798400,8.68
1745884800,8.79
1745971200,8.69
1746057600,8.69
1746144000,8.89
1746403200,8.66
1746489600,8.69
1746576000,8.91
1746662400,8.93
1746748800,9.51
1747008000,9.57
1747094400,9.44
1747180800,9.56
1747267200,9.5
1747353600,9.52
1747612800,9.72
1747699200,9.65
1747785600,9.75
1747872000,9.97
1747958400,10.13
1748304000,9.9
1748390400,9.86
1748476800,9.76
1748563200,9.56
1748822400,9.57
1748908800,9.58
1748995200,9.51
1749081600,9.43
1749168000,9.15
1749427200,9.5
1749513600,9.91
1749600000,9.9
1749686400,9.74
1749772800,9.48
1750032000,9.44
1750118400,9.54
1750204800,9.35
1750377600,9.36
1750636800,9.03
1750723200,9.4
1750809600,9.43
1750896000,9.53
1750982400,9.48
1751241600,9.59
1751328000,9.49
1751414400,9.35
1751500800,9.62
1751846400,9.6
1751932800,9.53
1752019200,9.59
1752105600,9.77
1752192000,10.17
1752451200,10.37
1752537600,10.44
1752624000,10.29
1752710400,10.31
1752796800,10.3
1753056000,10.08
1753142400,10.08
1753228800,10.29
1753315200,10.19
1753401600,10.11
1753660800,10.19
1753747200,10.09
1753833600,10.08
1753920000,10.06
1754006400,9.88
1754265600,9.73
1754352000,9.8
1754438400,9.71
1754524800,9.79
1754611200,9.98
1754870400,10.1
1754956800,10.03
1755043200,10.12
1755129600,10.34
1755216000,9.89
1755475200,9.73
1755561600,9.62
1755648000,9.35
1755734400,9.48
1755820800,9.35
1756080000,9.41
1756166400,9.11
1756252800,9.21
1756339200,9.16
1756425600,9.21
1756771200,8.88
1756857600,9.02
1756944000,9.04
1757030400,8.96
1757116800,8.89
1757203200,8.97
1757289600,9.05
1757376000,9
1757462400,9.2
1757548800,9.31
1757635200,9.32
1757721600,9.29
1757808000,9.23
1757894400,9.24
1757980800,9.32
1758067200,9.28
1758153600,9.3
1758240000,9.18
1758326400,9.19
1758412800,9.14
1758499200,8.92
1758585600,8.85
1758672000,8.94
1758758400,8.59
1758844800,8.65
1758931200,8.63
1759017600,8.82
1759104000,9
1759190400,8.95
1759276800,9.29
1759363200,9.4
1759449600,9.48
1759536000,9.49
1759622400,9.55
1759708800,9.64
1759795200,9.36
1759881600,9.49
1759968000,9.35
1760054400,8.67
1760140800,8.49
1760227200,8.79
1760313600,8.8
1760400000,8.6
1760486400,8.43
1760572800,8.21
1760659200,8.07
1760745600,8.13
1760832000,8.23
1760918400,8.37
1761004800,8.37
1761091200,8.18
1761177600,8.11
1761264000,8.3
1761350400,8.3
1761436800,8.3
1761523200,8.63
1761609600,8.599
1761696000,8.503
1761782400,8.28
1761868800,8.162
1762128000,8.04
1762214400,7.669
1762300800,7.85
1762387200,7.65
1762473600,7.79
1762560000,7.71
1762646400,7.89
1762732800,7.98
1762819200,7.76
1762905600,7.65
1762992000,7.51
