time,VIX
1514851200,9.77
1514937600,9.15
1515024000,9.22
1515110400,9.22
1515369600,9.52
1515456000,10.08
1515542400,9.82
1515628800,9.88
1515715200,10.16
1516060800,11.66
1516147200,11.91
1516233600,12.22
1516320000,11.27
1516579200,11.03
1516665600,11.1
1516752000,11.47
1516838400,11.58
1516924800,11.08
1517184000,13.84
1517270400,14.79
1517356800,13.54
1517443200,13.47
1517529600,17.31
1517788800,37.32
1517875200,29.98
1517961600,27.73
1518048000,33.46
1518134400,29.06
1518393600,25.61
1518480000,24.97
1518566400,19.26
1518652800,19.13
1518739200,19.46
1519084800,20.6
1519171200,20.02
1519257600,18.72
1519344000,16.49
1519603200,15.8
1519689600,18.59
1519776000,19.85
1519862400,22.47
1519948800,19.59
1520208000,18.73
1520294400,18.36
1520380800,17.76
1520467200,16.54
1520553600,14.64
1520812800,15.78
1520899200,16.35
1520985600,17.23
1521072000,16.59
1521158400,15.8
1521417600,19.02
1521504000,18.2
1521590400,17.86
1521676800,23.34
1521763200,24.87
1522022400,21.03
1522108800,22.5
1522195200,22.87
1522281600,19.97
1522627200,23.62
1522713600,21.1
1522800000,20.06
1522886400,18.94
1522972800,21.49
1523232000,21.77
1523318400,20.47
1523404800,20.24
1523491200,18.49
1523577600,17.41
1523836800,16.56
1523923200,15.25
1524009600,15.6
1524096000,15.96
1524182400,16.88
1524441600,16.34
1524528000,18.02
1524614400,17.84
1524700800,16.24
1524787200,15.41
1525046400,15.93
1525132800,15.49
1525219200,15.97
1525305600,15.9
1525392000,14.77
1525651200,14.75
1525737600,14.71
1525824000,13.42
1525910400,13.23
1525996800,12.65
1526256000,12.93
1526342400,14.63
1526428800,13.42
1526515200,13.43
1526601600,13.42
1526860800,13.08
1526947200,13.22
1527033600,12.58
1527120000,12.53
1527206400,13.22
1527552000,17.02
1527638400,14.94
1527724800,15.43
1527811200,13.46
1528070400,12.74
1528156800,12.4
1528243200,11.64
1528329600,12.13
1528416000,12.18
1528675200,12.35
1528761600,12.34
1528848000,12.94
1528934400,12.12
1529020800,11.98
1529280000,12.31
1529366400,13.35
1529452800,12.79
1529539200,14.64
1529625600,13.77
1529884800,17.33
1529971200,15.92
1530057600,17.91
1530144000,16.85
1530230400,16.09
1530489600,15.6
1530576000,16.14
1530748800,14.97
1530835200,13.37
1531094400,12.69
1531180800,12.64
1531267200,13.63
1531353600,12.58
1531440000,12.18
1531699200,12.83
1531785600,12.06
1531872000,12.1
1531958400,12.87
1532044800,12.86
1532304000,12.62
1532390400,12.41
1532476800,12.29
1532563200,12.14
1532649600,13.03
1532908800,14.26
1532995200,12.83
1533081600,13.15
1533168000,12.19
1533254400,11.64
1533513600,11.27
1533600000,10.93
1533686400,10.85
1533772800,11.27
1533859200,13.16
1534118400,14.78
1534204800,13.31
1534291200,14.64
1534377600,13.45
1534464000,12.64
1534723200,12.49
1534809600,12.86
1534896000,12.25
1534982400,12.41
1535068800,11.99
1535328000,12.16
1535414400,12.5
1535500800,12.25
1535587200,13.53
1535673600,12.86
1536019200,13.16
1536105600,13.91
1536192000,14.65
1536278400,14.88
1536537600,14.16
1536624000,13.22
1536710400,13.14
1536796800,12.37
1536883200,12.07
1537142400,13.68
1537228800,12.79
1537315200,11.75
1537401600,11.8
1537488000,11.68
1537747200,12.2
1537833600,12.42
1537920000,12.89
1538006400,12.41
1538092800,12.12
1538352000,12
1538438400,12.05
1538524800,11.61
1538611200,14.22
1538697600,14.82
1538956800,15.69
1539043200,15.95
1539129600,22.96
1539216000,24.98
1539302400,21.31
1539561600,21.3
1539648000,17.62
1539734400,17.4
1539820800,20.06
1539907200,19.89
1540166400,19.64
1540252800,20.71
1540339200,25.23
1540425600,24.22
1540512000,24.16
1540771200,24.7
1540857600,23.35
1540944000,21.23
1541030400,19.34
1541116800,19.51
1541376000,19.96
1541462400,19.91
1541548800,16.36
1541635200,16.72
1541721600,17.36
1541980800,20.45
1542067200,20.02
1542153600,21.25
1542240000,19.98
1542326400,18.14
1542585600,20.1
1542672000,22.48
1542758400,20.8
1542931200,21.52
1543190400,18.9
1543276800,19.02
1543363200,18.49
1543449600,18.79
1543536000,18.07
1543795200,16.44
1543881600,20.74
1544054400,21.19
1544140800,23.23
1544400000,22.64
1544486400,21.76
1544572800,21.46
1544659200,20.65
1544745600,21.63
1545004800,24.52
1545091200,25.58
1545177600,25.58
1545264000,28.38
1545350400,30.11
1545609600,36.07
1545782400,30.41
1545868800,29.96
1545955200,28.34
1546214400,25.42
1546387200,23.22
1546473600,25.45
1546560000,21.38
1546819200,21.4
1546905600,20.47
1546992000,19.98
1547078400,19.5
1547164800,18.19
1547424000,19.07
1547510400,18.6
1547596800,19.04
1547683200,18.06
1547769600,17.8
1548115200,20.8
1548201600,19.52
1548288000,18.89
1548374400,17.42
1548633600,18.87
1548720000,19.13
1548806400,17.66
1548892800,16.57
1548979200,16.14
1549238400,15.73
1549324800,15.57
1549411200,15.38
1549497600,16.37
1549584000,15.72
1549843200,15.97
1549929600,15.43
1550016000,15.65
1550102400,16.22
1550188800,14.91
1550534400,14.88
1550620800,14.02
1550707200,14.46
1550793600,13.51
1551052800,14.85
1551139200,15.17
1551225600,14.7
1551312000,14.78
1551398400,13.57
1551657600,14.63
1551744000,14.74
1551830400,15.74
1551916800,16.59
1552003200,16.05
1552262400,14.33
1552348800,13.77
1552435200,13.41
1552521600,13.5
1552608000,12.88
1552867200,13.1
1552953600,13.56
1553040000,13.91
1553126400,13.63
1553212800,16.48
1553472000,16.33
1553558400,14.68
1553644800,15.15
1553731200,14.43
1553817600,13.71
1554076800,13.4
1554163200,13.36
1554249600,13.74
1554336000,13.58
1554422400,12.82
1554681600,13.18
1554768000,14.28
1554854400,13.3
1554940800,13.02
1555027200,12.01
1555286400,12.32
1555372800,12.18
1555459200,12.6
1555545600,12.09
1555632000,12.09
1555891200,12.42
1555977600,12.28
1556064000,13.14
1556150400,13.25
1556236800,12.73
1556496000,13.11
1556582400,13.12
1556668800,14.8
1556755200,14.42
1556841600,12.87
1557100800,15.44
1557187200,19.32
1557273600,19.4
1557360000,19.1
1557446400,16.04
1557705600,20.55
1557792000,18.06
1557878400,16.44
1557964800,15.29
1558051200,15.96
1558310400,16.31
1558396800,14.95
1558483200,14.75
1558569600,16.92
1558656000,15.85
1559001600,17.5
1559088000,17.9
1559174400,17.3
1559260800,18.71
1559520000,18.86
1559606400,16.97
1559692800,16.09
1559779200,15.93
1559865600,16.3
1560124800,15.94
1560211200,15.99
1560297600,15.91
1560384000,15.82
1560470400,15.28
1560729600,15.35
1560816000,15.15
1560902400,14.33
1560988800,14.75
1561075200,15.4
1561334400,15.26
1561420800,16.28
1561507200,16.21
1561593600,15.82
1561680000,15.08
1561939200,14.06
1562025600,12.93
1562112000,12.57
1562284800,13.28
1562544000,13.96
1562630400,14.09
1562716800,13.03
1562803200,12.93
1562889600,12.39
1563148800,12.68
1563235200,12.86
1563321600,13.97
1563408000,13.53
1563494400,14.45
1563753600,13.53
1563840000,12.61
1563926400,12.07
1564012800,12.74
1564099200,12.16
1564358400,12.83
1564444800,13.94
1564531200,16.12
1564617600,17.87
1564704000,17.61
1564963200,24.59
1565049600,20.17
1565136000,19.49
1565222400,16.91
1565308800,17.97
1565568000,21.09
1565654400,17.52
1565740800,22.1
1565827200,21.18
1565913600,18.47
1566172800,16.88
1566259200,17.5
1566345600,15.8
1566432000,16.68
1566518400,19.87
1566777600,19.32
1566864000,20.31
1566950400,19.35
1567036800,17.88
1567123200,18.98
1567468800,19.66
1567555200,17.33
1567641600,16.27
1567728000,15
1567987200,15.27
1568073600,15.2
1568160000,14.61
1568246400,14.22
1568332800,13.74
1568592000,14.67
1568678400,14.44
1568764800,13.95
1568851200,14.05
1568937600,15.32
1569196800,14.91
1569283200,17.05
1569369600,15.96
1569456000,16.07
1569542400,17.22
1569801600,16.24
1569888000,18.56
1569974400,20.56
1570060800,19.12
1570147200,17.04
1570406400,17.86
1570492800,20.28
1570579200,18.64
1570665600,17.57
1570752000,15.58
1571011200,14.57
1571097600,13.54
1571184000,13.68
1571270400,13.79
1571356800,14.25
1571616000,14
1571702400,14.46
1571788800,14.01
1571875200,13.71
1571961600,12.65
1572220800,13.11
1572307200,13.2
1572393600,12.33
1572480000,13.22
1572566400,12.3
1572825600,12.83
1572912000,13.1
1572998400,12.62
1573084800,12.73
1573171200,12.07
1573430400,12.69
1573516800,12.68
1573603200,13
1573689600,13.05
1573776000,12.05
1574035200,12.46
1574121600,12.86
1574208000,12.78
1574294400,13.13
1574380800,12.34
1574640000,11.87
1574726400,11.54
1574812800,11.75
1574985600,12.62
1575244800,14.91
1575331200,15.96
1575417600,14.8
1575504000,14.52
1575590400,13.62
1575849600,15.86
1575936000,15.68
1576022400,14.99
1576108800,13.94
1576195200,12.63
1576454400,12.14
1576540800,12.29
1576627200,12.58
1576713600,12.5
1576800000,12.51
1577059200,12.61
1577145600,12.67
1577318400,12.65
1577404800,13.43
1577664000,14.82
1577750400,13.78
1577923200,12.47
1578009600,14.02
1578268800,13.85
1578355200,13.79
1578441600,13.45
1578528000,12.54
1578614400,12.56
1578873600,12.32
1578960000,12.39
1579046400,12.42
1579132800,12.32
1579219200,12.1
1579564800,12.85
1579651200,12.91
1579737600,12.98
1579824000,14.56
1580083200,18.23
1580169600,16.28
1580256000,16.39
1580342400,15.49
1580428800,18.84
1580688000,17.97
1580774400,16.05
1580860800,15.15
1580947200,14.96
1581033600,15.47
1581292800,15.04
1581379200,15.18
1581465600,13.74
1581552000,14.15
1581638400,13.68
1581984000,14.83
1582070400,14.38
1582156800,15.56
1582243200,17.08
1582502400,25.03
1582588800,27.85
1582675200,27.56
1582761600,39.16
1582848000,40.11
1583107200,33.42
1583193600,36.82
1583280000,31.99
1583366400,39.62
1583452800,41.94
1583712000,54.46
1583798400,47.3
1583884800,53.9
1583971200,75.47
1584057600,57.83
1584316800,82.69
1584403200,75.91
1584489600,76.45
1584576000,72
1584662400,66.04
1584921600,61.59
1585008000,61.67
1585094400,63.95
1585180800,61
1585267200,65.54
1585526400,57.08
1585612800,53.54
1585699200,57.06
1585785600,50.91
1585872000,46.8
1586131200,45.24
1586217600,46.7
1586304000,43.35
1586390400,41.67
1586736000,41.17
1586822400,37.76
1586908800,40.84
1586995200,40.11
1587081600,38.15
1587340800,43.83
1587427200,45.41
1587513600,41.98
1587600000,41.38
1587686400,35.93
1587945600,33.29
1588032000,33.57
1588118400,31.23
1588204800,34.15
1588291200,37.19
1588550400,35.97
1588636800,33.61
1588723200,34.12
1588809600,31.44
1588896000,27.98
1589155200,27.57
1589241600,33.04
1589328000,35.28
1589414400,32.61
1589500800,31.89
1589760000,29.3
1589846400,30.53
1589932800,27.99
1590019200,29.53
1590105600,28.16
1590451200,28.01
1590537600,27.62
1590624000,28.59
1590710400,27.51
1590969600,28.23
1591056000,26.84
1591142400,25.66
1591228800,25.81
1591315200,24.52
1591574400,25.81
1591660800,27.57
1591747200,27.57
1591833600,40.79
1591920000,36.09
1592179200,34.4
1592265600,33.67
1592352000,33.47
1592438400,32.94
1592524800,35.12
1592784000,31.77
1592870400,31.37
1592956800,33.84
1593043200,32.22
1593129600,34.73
1593388800,31.78
1593475200,30.43
1593561600,28.62
1593648000,27.68
1593734400,27.68
1593993600,27.94
1594080000,29.43
1594166400,28.08
1594252800,29.26
1594339200,27.29
1594598400,32.19
1594684800,29.52
1594771200,27.76
1594857600,28
1594944000,25.68
1595203200,24.46
1595289600,24.84
1595376000,24.32
1595462400,26.08
1595548800,25.84
1595808000,24.74
1595894400,25.44
1595980800,24.1
1596067200,24.76
1596153600,24.46
1596412800,24.28
1596499200,23.76
1596585600,22.99
1596672000,22.65
1596758400,22.21
1597017600,22.13
1597104000,24.03
1597190400,22.28
1597276800,22.13
1597363200,22.05
1597622400,21.35
1597708800,21.51
1597795200,22.54
1597881600,22.72
1597968000,22.54
1598227200,22.37
1598313600,22.03
1598400000,23.27
1598486400,24.47
1598572800,22.96
1598832000,26.41
1598918400,26.12
1599004800,26.57
1599091200,33.6
1599177600,30.75
1599523200,31.46
1599609600,28.81
1599696000,29.71
1599782400,26.87
1600041600,25.85
1600128000,25.59
1600214400,26.04
1600300800,26.46
1600387200,25.83
1600646400,27.78
1600732800,26.86
1600819200,28.58
1600905600,28.51
1600992000,26.38
1601251200,26.19
1601337600,26.27
1601424000,26.37
1601510400,26.7
1601596800,27.63
1601856000,27.96
1601942400,29.48
1602028800,28.06
1602115200,26.36
1602201600,25
1602460800,25.07
1602547200,26.07
1602633600,26.4
1602720000,26.97
1602806400,27.41
1603065600,29.18
1603152000,29.35
1603238400,28.65
1603324800,28.11
1603411200,27.55
1603670400,32.46
1603756800,33.35
1603843200,40.28
1603929600,37.59
1604016000,38.02
1604275200,37.13
1604361600,35.55
1604448000,29.57
1604534400,27.58
1604620800,24.86
1604880000,25.75
1604966400,24.8
1605052800,23.45
1605139200,25.35
1605225600,23.1
1605484800,22.45
1605571200,22.71
1605657600,23.84
1605744000,23.11
1605830400,23.7
1606089600,22.66
1606176000,21.64
1606262400,21.25
1606348800,21.25
1606435200,20.84
1606694400,20.57
1606780800,20.77
1606867200,21.17
1606953600,21.28
1607040000,20.79
1607299200,21.3
1607385600,20.68
1607472000,22.27
1607558400,22.52
1607644800,23.31
1607904000,24.72
1607990400,22.89
1608076800,22.5
1608163200,21.93
1608249600,21.57
1608508800,25.16
1608595200,24.23
1608681600,23.31
1608768000,21.53
1608854400,21.53
1609113600,21.7
1609200000,23.08
1609286400,22.77
1609372800,22.75
1609718400,26.97
1609804800,25.34
1609891200,25.07
1609977600,22.37
1610064000,21.56
1610323200,24.08
1610409600,23.33
1610496000,22.21
1610582400,23.25
1610668800,24.34
1611014400,23.24
1611100800,21.58
1611187200,21.32
1611273600,21.91
1611532800,23.19
1611619200,23.02
1611705600,37.21
1611792000,30.21
1611878400,33.09
1612137600,30.24
1612224000,25.56
1612310400,22.91
1612396800,21.77
1612483200,20.87
1612742400,21.24
1612828800,21.63
1612915200,21.99
1613001600,21.25
1613088000,19.97
1613433600,21.46
1613520000,21.5
1613606400,22.49
1613692800,22.05
1613952000,23.45
1614038400,23.11
1614124800,21.34
1614211200,28.89
1614297600,27.95
1614556800,23.35
1614643200,24.1
1614729600,26.67
1614816000,28.57
1614902400,24.66
1615161600,25.47
1615248000,24.03
1615334400,22.56
1615420800,21.91
1615507200,20.69
1615766400,20.03
1615852800,19.79
1615939200,19.23
1616025600,21.58
1616112000,20.95
1616371200,18.88
1616457600,20.3
1616544000,21.2
1616630400,19.81
1616716800,18.86
1616976000,20.74
1617062400,19.61
1617148800,19.4
1617235200,17.33
1617321600,17.33
1617580800,17.91
1617667200,18.12
1617753600,17.16
1617840000,16.95
1617926400,16.69
1618185600,16.91
1618272000,16.65
1618358400,16.99
1618444800,16.57
1618531200,16.25
1618790400,17.29
1618876800,18.68
1618963200,17.5
1619049600,18.71
1619136000,17.33
1619395200,17.64
1619481600,17.56
1619568000,17.28
1619654400,17.61
1619740800,18.61
1620000000,18.31
1620086400,19.48
1620172800,19.15
1620259200,18.39
1620345600,16.69
1620604800,19.66
1620691200,21.84
1620777600,27.59
1620864000,23.13
1620950400,18.81
1621209600,19.72
1621296000,21.34
1621382400,22.18
1621468800,20.67
1621555200,20.15
1621814400,18.4
1621900800,18.84
1621987200,17.36
1622073600,16.74
1622160000,16.76
1622505600,17.9
1622592000,17.48
1622678400,18.04
1622764800,16.42
1623024000,16.42
1623110400,17.07
1623196800,17.89
1623283200,16.1
1623369600,15.65
1623628800,16.39
1623715200,17.02
1623801600,18.15
1623888000,17.75
1623974400,20.7
1624233600,17.89
1624320000,16.66
1624406400,16.32
1624492800,15.97
1624579200,15.62
1624838400,15.76
1624924800,16.02
1625011200,15.83
1625097600,15.48
1625184000,15.07
1625529600,16.44
1625616000,16.2
1625702400,19
1625788800,16.18
1626048000,16.17
1626134400,17.12
1626220800,16.33
1626307200,17.01
1626393600,18.45
1626652800,22.5
1626739200,19.73
1626825600,17.91
1626912000,17.69
1626998400,17.2
1627257600,17.58
1627344000,19.36
1627430400,18.31
1627516800,17.7
1627603200,18.24
1627862400,19.46
1627948800,18.04
1628035200,17.97
1628121600,17.28
1628208000,16.15
1628467200,16.72
1628553600,16.79
1628640000,16.06
1628726400,15.59
1628812800,15.45
1629072000,16.12
1629158400,17.91
1629244800,21.57
1629331200,21.67
1629417600,18.56
1629676800,17.15
1629763200,17.22
1629849600,16.79
1629936000,18.84
1630022400,16.39
1630281600,16.19
1630368000,16.48
1630454400,16.11
1630540800,16.41
1630627200,16.41
1630972800,18.14
1631059200,17.96
1631145600,18.8
1631232000,20.95
1631491200,19.37
1631577600,19.46
1631664000,18.18
1631750400,18.69
1631836800,20.81
1632096000,25.71
1632182400,24.36
1632268800,20.87
1632355200,18.63
1632441600,17.75
1632700800,18.76
1632787200,23.25
1632873600,22.56
1632960000,23.14
1633046400,21.15
1633305600,22.96
1633392000,21.3
1633478400,21
1633564800,19.54
1633651200,18.77
1633910400,20
1633996800,19.85
1634083200,18.64
1634169600,16.86
1634256000,16.3
1634515200,16.31
1634601600,15.7
1634688000,15.49
1634774400,15.01
1634860800,15.43
1635120000,15.24
1635206400,15.98
1635292800,16.98
1635379200,16.53
1635465600,16.26
1635724800,16.41
1635811200,16.03
1635897600,15.1
1635984000,15.44
1636070400,16.48
1636329600,17.22
1636416000,17.78
1636502400,18.73
1636588800,17.66
1636675200,16.29
1636934400,16.49
1637020800,16.37
1637107200,17.11
1637193600,17.59
1637280000,17.91
1637539200,19.17
1637625600,19.38
1637712000,18.58
1637798400,18.58
1637884800,28.62
1638144000,22.96
1638230400,27.19
1638316800,31.12
1638403200,27.95
1638489600,30.67
1638748800,27.18
1638835200,21.89
1638921600,19.9
1639008000,21.58
1639094400,18.69
1639353600,20.31
1639440000,21.89
1639526400,19.29
1639612800,20.57
1639699200,21.57
1639958400,22.87
1640044800,21.01
1640131200,18.63
1640217600,17.96
1640304000,17.96
1640563200,17.68
1640649600,17.54
1640736000,16.95
1640822400,17.33
1640908800,17.22
1641168000,16.6
1641254400,16.91
1641340800,19.73
1641427200,19.61
1641513600,18.76
1641772800,19.4
1641859200,18.41
1641945600,17.62
1642032000,20.31
1642118400,19.19
1642464000,22.79
1642550400,23.85
1642636800,25.59
1642723200,28.85
1642982400,29.9
1643068800,31.16
1643155200,31.96
1643241600,30.49
1643328000,27.66
1643587200,24.83
1643673600,21.96
1643760000,22.09
1643846400,24.35
1643932800,23.22
1644192000,22.86
1644278400,21.44
1644364800,19.96
1644451200,23.91
1644537600,27.36
1644796800,28.33
1644883200,25.7
1644969600,24.29
1645056000,28.11
1645142400,27.75
1645488000,28.81
1645574400,31.02
1645660800,30.32
1645747200,27.59
1646006400,30.15
1646092800,33.32
1646179200,30.74
1646265600,30.48
1646352000,31.98
1646611200,36.45
1646697600,35.13
1646784000,32.45
1646870400,30.23
1646956800,30.75
1647216000,31.77
1647302400,29.83
1647388800,26.67
1647475200,25.67
1647561600,23.87
1647820800,23.53
1647907200,22.94
1647993600,23.57
1648080000,21.67
1648166400,20.81
1648425600,19.63
1648512000,18.9
1648598400,19.33
1648684800,20.56
1648771200,19.63
1649030400,18.57
1649116800,21.03
1649203200,22.1
1649289600,21.55
1649376000,21.16
1649635200,24.37
1649721600,24.26
1649808000,21.82
1649894400,22.7
1649980800,22.7
1650240000,22.17
1650326400,21.37
1650412800,20.32
1650499200,22.68
1650585600,28.21
1650844800,27.02
1650931200,33.52
1651017600,31.6
1651104000,29.99
1651190400,33.4
1651449600,32.34
1651536000,29.25
1651622400,25.42
1651708800,31.2
1651795200,30.19
1652054400,34.75
1652140800,32.99
1652227200,32.56
1652313600,31.77
1652400000,28.87
1652659200,27.47
1652745600,26.1
1652832000,30.96
1652918400,29.35
1653004800,29.43
1653264000,28.48
1653350400,29.45
1653436800,28.37
1653523200,27.5
1653609600,25.72
1653868800,26.54
1653955200,26.19
1654041600,25.69
1654128000,24.72
1654214400,24.79
1654473600,25.07
1654560000,24.02
1654646400,23.96
1654732800,26.09
1654819200,27.75
1655078400,34.02
1655164800,32.69
1655251200,29.62
1655337600,32.95
1655424000,31.13
1655683200,31.03
1655769600,30.19
1655856000,28.95
1655942400,29.05
1656028800,27.23
1656288000,26.95
1656374400,28.36
1656460800,28.16
1656547200,28.71
1656633600,26.7
1656892800,27.53
1656979200,27.54
1657065600,26.73
1657152000,26.08
1657238400,24.64
1657497600,26.17
1657584000,27.29
1657670400,26.82
1657756800,26.4
1657843200,24.23
1658102400,25.3
1658188800,24.5
1658275200,23.88
1658361600,23.11
1658448000,23.03
1658707200,23.36
1658793600,24.69
1658880000,23.24
1658966400,22.33
1659052800,21.33
1659312000,22.84
1659398400,23.93
1659484800,21.95
1659571200,21.44
1659657600,21.15
1659916800,21.29
1660003200,21.77
1660089600,19.74
1660176000,20.2
1660262400,19.53
1660521600,19.95
1660608000,19.69
1660694400,19.9
1660780800,19.56
1660867200,20.6
1661126400,23.8
1661212800,24.11
1661299200,22.82
1661385600,21.78
1661472000,25.56
1661731200,26.21
1661817600,26.21
1661904000,25.87
1661990400,25.56
1662076800,25.47
1662336000,25.99
1662422400,26.91
1662508800,24.64
1662595200,23.61
1662681600,22.79
1662940800,23.87
1663027200,27.27
1663113600,26.16
1663200000,26.27
1663286400,26.3
1663545600,25.76
1663632000,27.16
1663718400,27.99
1663804800,27.35
1663891200,29.92
1664150400,32.26
1664236800,32.6
1664323200,30.18
1664409600,31.84
1664496000,31.62
1664755200,30.1
1664841600,29.07
1664928000,28.55
1665014400,30.52
1665100800,31.36
1665360000,32.45
1665446400,33.63
1665532800,33.57
1665619200,31.94
1665705600,32.02
1665964800,31.37
1666051200,30.5
1666137600,30.76
1666224000,29.98
1666310400,29.69
1666569600,29.85
1666656000,28.46
1666742400,27.28
1666828800,27.39
1666915200,25.75
1667174400,25.88
1667260800,25.81
1667347200,25.86
1667433600,25.3
1667520000,24.55
1667779200,24.35
1667865600,25.54
1667952000,26.09
1668038400,23.53
1668124800,22.52
1668384000,23.73
1668470400,24.54
1668556800,24.11
1668643200,23.93
1668729600,23.12
1668988800,22.36
1669075200,21.29
1669161600,20.35
1669248000,20.42
1669334400,20.5
1669593600,22.21
1669680000,21.89
1669766400,20.58
1669852800,19.84
1669939200,19.06
1670198400,20.75
1670284800,22.17
1670371200,22.68
1670457600,22.29
1670544000,22.83
1670803200,25
1670889600,22.55
1670976000,21.14
1671062400,22.83
1671148800,22.62
1671408000,22.42
1671494400,21.48
1671580800,20.07
1671667200,21.97
1671753600,20.87
1672012800,20.87
1672099200,21.65
1672185600,22.14
1672272000,21.44
1672358400,21.67
1672704000,22.9
1672790400,22.01
1672876800,22.46
1672963200,21.13
1673222400,21.97
1673308800,20.58
1673395200,21.09
1673481600,18.83
1673568000,18.35
1673827200,19.49
1673913600,19.36
1674000000,20.34
1674086400,20.52
1674172800,19.85
1674432000,19.81
1674518400,19.2
1674604800,19.08
1674691200,18.73
1674777600,18.51
1675036800,19.94
1675123200,19.4
1675209600,17.87
1675296000,18.73
1675382400,18.33
1675641600,19.43
1675728000,18.66
1675814400,19.63
1675900800,20.71
1675987200,20.53
1676246400,20.34
1676332800,18.91
1676419200,18.23
1676505600,20.17
1676592000,20.02
1676851200,21.23
1676937600,22.87
1677024000,22.29
1677110400,21.14
1677196800,21.67
1677456000,20.95
1677542400,20.7
1677628800,20.58
1677715200,19.59
1677801600,18.49
1678060800,18.61
1678147200,19.59
1678233600,19.11
1678320000,22.61
1678406400,24.8
1678665600,26.52
1678752000,23.73
1678838400,26.14
1678924800,22.99
1679011200,25.51
1679270400,24.15
1679356800,21.38
1679443200,22.26
1679529600,22.61
1679616000,21.74
1679875200,20.6
1679961600,19.97
1680048000,19.12
1680134400,19.02
1680220800,18.7
1680480000,18.55
1680566400,19
1680652800,19.08
1680739200,18.4
1680825600,18.4
1681084800,18.97
1681171200,19.1
1681257600,19.09
1681344000,17.8
1681430400,17.07
1681689600,16.95
1681776000,16.83
1681862400,16.46
1681948800,17.17
1682035200,16.77
1682294400,16.89
1682380800,18.76
1682467200,18.84
1682553600,17.03
1682640000,15.78
1682899200,16.08
1682985600,17.78
1683072000,18.34
1683158400,20.09
1683244800,17.19
1683504000,16.98
1683590400,17.71
1683676800,16.94
1683763200,16.93
1683849600,17.03
1684108800,17.12
1684195200,17.99
1684281600,16.87
1684368000,16.05
1684454400,16.81
1684713600,17.21
1684800000,18.53
1684886400,20.03
1684972800,19.14
1685059200,17.95
1685318400,17.46
1685404800,17.46
1685491200,17.94
1685577600,15.65
1685664000,14.6
1685923200,14.73
1686009600,13.96
1686096000,13.94
1686182400,13.65
1686268800,13.83
1686528000,15.01
1686614400,14.61
1686700800,13.88
1686787200,14.5
1686873600,13.54
1687132800,14.19
1687219200,13.88
1687305600,13.2
1687392000,12.91
1687478400,13.44
1687737600,14.25
1687824000,13.74
1687910400,13.43
1687996800,13.54
1688083200,13.59
1688342400,13.57
1688428800,13.7
1688515200,14.18
1688601600,15.44
1688688000,14.83
1688947200,15.07
1689033600,14.84
1689120000,13.54
1689206400,13.61
1689292800,13.34
1689552000,13.48
1689638400,13.3
1689724800,13.76
1689811200,13.99
1689897600,13.6
1690156800,13.91
1690243200,13.86
1690329600,13.19
1690416000,14.41
1690502400,13.33
1690761600,13.63
1690848000,13.93
1690934400,16.09
1691020800,15.92
1691107200,17.1
1691366400,15.77
1691452800,15.99
1691539200,15.96
1691625600,15.85
1691712000,14.84
1691971200,14.82
1692057600,16.46
1692144000,16.78
1692230400,17.89
1692316800,17.3
1692576000,17.13
1692662400,16.97
1692748800,15.98
1692835200,17.2
1692921600,15.68
1693180800,15.08
1693267200,14.45
1693353600,13.88
1693440000,13.57
1693526400,13.09
1693785600,13.82
1693872000,14.01
1693958400,14.45
1694044800,14.4
1694131200,13.84
1694390400,13.8
1694476800,14.23
1694563200,13.48
1694649600,12.82
1694736000,13.79
1694995200,14
1695081600,14.11
1695168000,15.14
1695254400,17.54
1695340800,17.2
1695600000,16.9
1695686400,18.94
1695772800,18.22
1695859200,17.34
1695945600,17.52
1696204800,17.61
1696291200,19.78
1696377600,18.58
1696464000,18.49
1696550400,17.45
1696809600,17.7
1696896000,17.03
1696982400,16.09
1697068800,16.69
1697155200,19.32
1697414400,17.21
1697500800,17.88
1697587200,19.22
1697673600,21.4
1697760000,21.71
1698019200,20.37
1698105600,18.97
1698192000,20.19
1698278400,20.68
1698364800,21.27
1698624000,19.75
1698710400,18.14
1698796800,16.87
1698883200,15.66
1698969600,14.91
1699228800,14.89
1699315200,14.81
1699401600,14.45
1699488000,15.29
1699574400,14.17
1699833600,14.76
1699920000,14.16
1700006400,14.18
1700092800,14.32
1700179200,13.8
1700438400,13.41
1700524800,13.35
1700611200,12.85
1700697600,12.8
1700784000,12.46
1701043200,12.69
1701129600,12.69
1701216000,12.98
1701302400,12.92
1701388800,12.63
1701648000,13.08
1701734400,12.85
1701820800,12.97
1701907200,13.06
1701993600,12.35
1702252800,12.63
1702339200,12.07
1702425600,12.19
1702512000,12.48
1702598400,12.28
1702857600,12.56
1702944000,12.53
1703030400,13.67
1703116800,13.65
1703203200,13.03
1703462400,13.03
1703548800,12.99
1703635200,12.43
1703721600,12.47
1703808000,12.45
1704153600,13.2
1704240000,14.04
1704326400,14.13
1704412800,13.35
1704672000,13.08
1704758400,12.76
1704844800,12.69
1704931200,12.44
1705017600,12.7
1705276800,13.25
1705363200,13.84
1705449600,14.79
1705536000,14.13
1705622400,13.3
1705881600,13.19
1705968000,12.55
1706054400,13.14
1706140800,13.45
1706227200,13.26
1706486400,13.6
1706572800,13.31
1706659200,14.35
1706745600,13.88
1706832000,13.85
1707091200,13.67
1707177600,13.06
1707264000,12.83
1707350400,12.79
1707436800,12.93
1707696000,13.93
1707782400,15.85
1707868800,14.38
1707955200,14.01
1708041600,14.24
1708300800,14.71
1708387200,15.42
1708473600,15.34
1708560000,14.54
1708646400,13.75
1708905600,13.74
1708992000,13.43
1709078400,13.84
1709164800,13.4
1709251200,13.11
1709510400,13.49
1709596800,14.46
1709683200,14.5
1709769600,14.44
1709856000,14.74
1710115200,15.22
1710201600,13.84
1710288000,13.75
1710374400,14.4
1710460800,14.41
1710720000,14.33
1710806400,13.82
1710892800,13.04
1710979200,12.92
1711065600,13.06
1711324800,13.19
1711411200,13.24
1711497600,12.78
1711584000,13.01
1711670400,13.01
1711929600,13.65
1712016000,14.61
1712102400,14.33
1712188800,16.35
1712275200,16.03
1712534400,15.19
1712620800,14.98
1712707200,15.8
1712793600,14.91
1712880000,17.31
1713139200,19.23
1713225600,18.4
1713312000,18.21
1713398400,18
1713484800,18.71
1713744000,16.94
1713830400,15.69
1713916800,15.97
1714003200,15.37
1714089600,15.03
1714348800,14.67
1714435200,15.65
1714521600,15.39
1714608000,14.68
1714694400,13.49
1714953600,13.49
1715040000,13.23
1715126400,13
1715212800,12.69
1715299200,12.55
1715558400,13.6
1715644800,13.42
1715731200,12.45
1715817600,12.42
1715904000,11.99
1716163200,12.15
1716249600,11.86
1716336000,12.29
1716422400,12.77
1716508800,11.93
1716768000,12.36
1716854400,12.92
1716940800,14.28
1717027200,14.47
1717113600,12.92
1717372800,13.11
1717459200,13.16
1717545600,12.63
1717632000,12.58
1717718400,12.22
1717977600,12.74
1718064000,12.85
1718150400,12.04
1718236800,11.94
1718323200,12.66
1718582400,12.75
1718668800,12.3
1718755200,12.48
1718841600,13.28
1718928000,13.2
1719187200,13.33
1719273600,12.84
1719360000,12.55
1719446400,12.24
1719532800,12.44
1719792000,12.22
1719878400,12.03
1719964800,12.09
1720051200,12.26
1720137600,12.48
1720396800,12.37
1720483200,12.51
1720569600,12.85
1720656000,12.92
1720742400,12.46
1721001600,13.12
1721088000,13.19
1721174400,14.48
1721260800,15.93
1721347200,16.52
1721606400,14.91
1721692800,14.72
1721779200,18.04
1721865600,18.46
1721952000,16.39
1722211200,16.6
1722297600,17.69
1722384000,16.36
1722470400,18.59
1722556800,23.39
1722816000,38.57
1722902400,27.71
1722988800,27.85
1723075200,23.79
1723161600,20.37
1723420800,20.71
1723507200,18.12
1723593600,16.19
1723680000,15.23
1723766400,14.8
1724025600,14.65
1724112000,15.88
1724198400,16.27
1724284800,17.55
1724371200,15.86
1724630400,16.15
1724716800,15.43
1724803200,17.11
1724889600,15.65
1724976000,15
1725235200,15.55
1725321600,20.72
1725408000,21.32
1725494400,19.9
1725580800,22.38
1725840000,19.45
1725926400,19.08
1726012800,17.69
1726099200,17.07
1726185600,16.56
1726444800,17.14
1726531200,17.61
1726617600,18.23
1726704000,16.33
1726790400,16.15
1727049600,15.89
1727136000,15.39
1727222400,15.41
1727308800,15.37
1727395200,16.96
1727654400,16.73
1727740800,19.26
1727827200,18.9
1727913600,20.49
1728000000,19.21
1728259200,22.64
1728345600,21.42
1728432000,20.86
1728518400,20.93
1728604800,20.46
1728864000,19.7
1728950400,20.64
1729036800,19.58
1729123200,19.11
1729209600,18.03
1729468800,18.37
1729555200,18.2
1729641600,19.24
1729728000,19.08
1729814400,20.33
1730073600,19.8
1730160000,19.34
1730246400,20.35
1730332800,23.16
1730419200,21.88
1730678400,21.98
1730764800,20.49
1730851200,16.27
1730937600,15.2
1731024000,14.94
1731283200,14.97
1731369600,14.71
1731456000,14.02
1731542400,14.31
1731628800,16.14
1731888000,15.58
1731974400,16.35
1732060800,17.16
1732147200,16.87
1732233600,15.24
1732492800,14.6
1732579200,14.1
1732665600,14.1
1732752000,13.9
1732838400,13.51
1733097600,13.34
1733184000,13.3
1733270400,13.45
1733356800,13.54
1733443200,12.77
1733702400,14.19
1733788800,14.18
1733875200,13.58
1733961600,13.92
1734048000,13.81
1734307200,14.69
1734393600,15.87
1734480000,27.62
1734566400,24.09
1734652800,18.36
1734912000,16.78
1734998400,14.27
1735171200,14.73
1735257600,15.95
1735516800,17.4
1735603200,17.35
1735776000,17.93
1735862400,16.13
1736121600,16.04
1736208000,17.82
1736294400,17.7
1736380800,18.07
1736467200,19.54
1736726400,19.19
1736812800,18.71
1736899200,16.12
1736985600,16.6
1737072000,15.97
1737331200,15.81
1737417600,15.06
1737504000,15.1
1737590400,15.02
1737676800,14.85
1737936000,17.9
1738022400,16.41
1738108800,16.56
1738195200,15.84
1738281600,16.43
1738540800,18.62
1738627200,17.21
1738713600,15.77
1738800000,15.5
1738886400,16.54
1739145600,15.81
1739232000,16.02
1739318400,15.89
1739404800,15.1
1739491200,14.77
1739750400,15.37
1739836800,15.35
1739923200,15.27
1740009600,15.66
1740096000,18.21
1740355200,18.98
1740441600,19.43
1740528000,19.1
1740614400,21.13
1740700800,19.63
1740960000,22.78
1741046400,23.51
1741132800,21.93
1741219200,24.87
1741305600,23.37
1741564800,27.86
1741651200,26.92
1741737600,24.23
1741824000,24.66
1741910400,21.77
1742169600,20.51
1742256000,21.7
1742342400,19.9
1742428800,19.8
1742515200,19.28
1742774400,17.48
1742860800,17.15
1742947200,18.33
1743033600,18.69
1743120000,21.65
1743379200,22.28
1743465600,21.77
1743552000,21.51
1743638400,30.02
1743724800,45.31
1743984000,46.98
1744070400,52.33
1744156800,33.62
1744243200,40.72
1744329600,37.56
1744588800,30.89
1744675200,30.12
1744761600,32.64
1744848000,29.65
1745193600,33.82
1745280000,30.57
1745366400,28.45
1745452800,26.47
1745539200,24.84
1745798400,25.15
1745884800,24.17
1745971200,24.7
1746057600,24.6
1746144000,22.68
1746403200,23.64
1746489600,24.76
1746576000,23.55
1746662400,22.48
1746748800,21.9
1747008000,18.39
1747094400,18.22
1747180800,18.62
1747267200,17.83
1747353600,17.24
1747612800,18.14
1747699200,18.09
1747785600,20.87
1747872000,20.28
1747958400,22.29
1748217600,20.57
1748304000,18.96
1748390400,19.31
1748476800,19.18
1748563200,18.57
1748822400,18.36
1748908800,17.69
1748995200,17.61
1749081600,18.48
1749168000,16.77
1749427200,17.16
1749513600,16.95
1749600000,17.26
1749686400,18.02
1749772800,20.82
1750032000,19.11
1750118400,21.6
1750204800,20.14
1750291200,22.17
1750377600,20.62
1750636800,19.83
1750723200,17.48
1750809600,16.76
1750896000,16.59
1750982400,16.32
1751241600,16.73
1751328000,16.83
1751414400,16.64
1751500800,16.38
1751587200,17.48
1751846400,17.79
1751932800,16.81
1752019200,15.94
1752105600,15.78
1752192000,16.4
1752451200,17.2
1752537600,17.38
1752624000,17.16
1752710400,16.52
1752796800,16.41
1753056000,16.65
1753142400,16.5
1753228800,15.37
1753315200,15.39
1753401600,14.93
1753660800,15.03
1753747200,15.98
1753833600,15.48
1753920000,16.72
1754006400,20.38
1754265600,17.52
1754352000,17.85
1754438400,16.77
1754524800,16.57
1754611200,15.15
1754870400,16.25
1754956800,14.73
1755043200,14.49
1755129600,14.83
1755216000,15.09
1755475200,14.99
1755561600,15.57
1755648000,15.69
1755734400,16.6
1755820800,14.22
1756080000,14.79
1756166400,14.62
1756252800,14.85
1756339200,14.43
1756425600,15.36
1756684800,16.12
1756771200,17.17
1756857600,16.35
1756944000,15.3
1757030400,15.18
1757289600,15.11
1757376000,15.04
1757462400,15.35
1757548800,14.71
1757635200,14.76
1757894400,15.69
1757980800,16.36
1758067200,15.72
1758153600,15.7
1758240000,15.45
1758499200,16.1
1758585600,16.64
1758672000,16.18
1758758400,16.74
1758844800,15.29
1759104000,16.12
1759190400,16.28
1759276800,16.29
1759363200,16.63
1759449600,16.65
1759708800,16.37
1759795200,17.24
1759881600,16.3
1759968000,16.43
1760054400,21.66
1760313600,19.03
1760400000,20.81
1760486400,20.64
1760572800,25.31
1760659200,20.78
1760918400,18.23
1761004800,17.87
1761091200,18.6
1761177600,17.3
1761264000,16.37
1761523200,15.79
1761609600,16.42
1761696000,16.92
1761782400,16.91
1761868800,17.44
1762128000,17.17
1762214400,19
1762300800,18.01
1762387200,19.5
1762473600,19.08
1762732800,17.6
1762819200,17.28
1762905600,17.51
1762992000,20
11/14/2025,19.83
